	nome	ordine	indirizzo	n_biblioteca	n_laboratori	n_aule_attivita_collettive	n_palestre_coperte	n_palestre_scoperte	n_auditorium	n_ambienti_destinati_ad_aule	n_sale_insegnati	n_cucine	n_servizi_igenici	n_ascensori	n_piani	n_aule_non_utilizzate	n_classi_funzionanti_nell_anno	n_alunni_servizio_trasporto	iscritti_tot	frequentanti_tot	n_docenti	n_bidelli	n_custode	Lat	Lon	quartiere	quartiere_geom
1	ARISTIDE GABELLI (Istituto Comprensivo)	Infanzia	VIA DELLA TOLLERANZA, Bari, Apulia, Italy	0.0	0.0	0.0	0.0	0.0	0.0	3.0	0.0	2.0	11.0	0.0	1.0	0.0	3	0.0	40.0	40.0	3.0	1.0	0.0	41.14919642269854	16.735654717994276	XIII - SANTO SPIRITO	"12    POLYGON ((16.73178 41.16969, 16.7318 41.16969,...
Name: geometry, dtype: geometry"
2	ARISTIDE GABELLI (Istituto Comprensivo)	Infanzia	VIA DALMAZIA, Bari, Apulia, Italy	0.0	0.0	0.0	0.0	0.0	0.0	5.0	0.0	1.0	6.0	0.0	1.0	0.0	3	15.0	62.0	62.0	10.0	2.0	0.0	41.12007797251458	16.883714615377478	III - MADONNELLA	"4    POLYGON ((16.87762 41.12319, 16.87768 41.12316...
Name: geometry, dtype: geometry"
5	ARISTIDE GABELLI (Istituto Comprensivo)	Primaria	PIAZZETTA ELEONORA, Bari, Apulia, Italy	1.0	1.0	2.0	1.0	1.0	1.0	10.0	0.0	1.0	17.0	1.0	2.0	0.0	5	14.0	81.0	81.0	17.0	1.0	0.0	41.14804645	16.739179070749437	XIII - SANTO SPIRITO	"12    POLYGON ((16.73178 41.16969, 16.7318 41.16969,...
Name: geometry, dtype: geometry"
6	ARISTIDE GABELLI (Istituto Comprensivo)	Primaria	VIA LUCCA, Bari, Apulia, Italy	1.0	1.0	0.0	1.0	1.0	1.0	26.0	0.0	1.0	28.0	1.0	2.0	0.0	20	170.0	359.0	359.0	56.0	6.0	1.0	41.16164565777979	16.7441982180334	XIII - SANTO SPIRITO	"12    POLYGON ((16.73178 41.16969, 16.7318 41.16969,...
Name: geometry, dtype: geometry"
9	BALILLA - IMBRIANI (Istituto Comprensivo)	Infanzia	L.GO CARABELLESE 1 BARI, Bari, Apulia, Italy	1.0	2.0	0.0	0.0	0.0	0.0	9.0	0.0	0.0	3.0	0.0	1.0	0.0	9	0.0	164.0	164.0	15.0	3.0	0.0	41.12072	16.87869	III - MADONNELLA	"4    POLYGON ((16.87762 41.12319, 16.87768 41.12316...
Name: geometry, dtype: geometry"
10	BALILLA - IMBRIANI (Istituto Comprensivo)	Primaria	L.GO CARABELLESE 1 BARI, Bari, Apulia, Italy	1.0	3.0	0.0	1.0	0.0	0.0	23.0	0.0	0.0	4.0	1.0	3.0	0.0	23	0.0	421.0	416.0	62.0	9.0	0.0	41.12072	16.87869	III - MADONNELLA	"4    POLYGON ((16.87762 41.12319, 16.87768 41.12316...
Name: geometry, dtype: geometry"
11	BALILLA - IMBRIANI (Istituto Comprensivo)	Secondaria I Grado	L.GO CARABELLESE 1 BARI, Bari, Apulia, Italy	1.0	5.0	1.0	1.0	0.0	1.0	15.0	1.0	0.0	9.0	1.0	3.0	0.0	15	0.0	283.0	283.0	42.0	5.0	0.0	41.12072	16.87869	III - MADONNELLA	"4    POLYGON ((16.87762 41.12319, 16.87768 41.12316...
Name: geometry, dtype: geometry"
26	DE AMICIS - LATERZA - M.S.MICHELE (Istituto Comprensivo)	Infanzia	VIA LUIGI PINTO 1, Bari, Apulia, Italy	0.0	2.0	1.0	0.0	0.0	0.0	2.0	0.0	0.0	4.0	0.0	1.0	2.0	2	0.0	36.0	36.0	4.0	2.0	0.0	41.11128078324974	16.87283069938018	VII - CARRASSI	"20    POLYGON ((16.88372 41.08981, 16.88373 41.08942...
Name: geometry, dtype: geometry"
28	DE AMICIS - LATERZA- M.S.MICHELE (Istituto Comprensivo)	Primaria	VIA RE DAVID 179, Bari, Apulia, Italy	0.0	2.0	0.0	1.0	0.0	1.0	21.0	0.0	1.0	17.0	2.0	3.0	0.0	9	1.0	183.0	183.0	30.0	2.0	1.0	41.110117279078956	16.87674786604037	VII - CARRASSI	"20    POLYGON ((16.88372 41.08981, 16.88373 41.08942...
Name: geometry, dtype: geometry"
29	MONTE S.MICHELE 26° Circolo (Istituto Comprensivo)	Primaria	CORSO ALCIDE DE GASPERI 345, Bari, Apulia, Italy	1.0	3.0	3.0	1.0	0.0	1.0	15.0	0.0	0.0	28.0	1.0	3.0	0.0	15	1.0	262.0	262.0	48.0	3.0	1.0	41.09289164704956	16.86902493359135	VII - CARRASSI	"20    POLYGON ((16.88372 41.08981, 16.88373 41.08942...
Name: geometry, dtype: geometry"
30	DE AMICIS-LATERZA-M.S.MICHELE (Istituto Comprensivo)	Infanzia	VIA DE SAMUELE CAGNAZZI 51, Bari, Apulia, Italy	0.0	0.0	0.0	0.0	1.0	0.0	6.0	0.0	0.0	8.0	0.0	3.0	0.0	6	0.0	135.0	135.0	11.0	3.0	0.0	41.10469999815452	16.869529075195267	VII - CARRASSI	"20    POLYGON ((16.88372 41.08981, 16.88373 41.08942...
Name: geometry, dtype: geometry"
31	DE AMICIS - LATERZA - M.S.MICHELE(Istituto Comprensivo)	Primaria	PIAZZALE PUGLIESE 1, Bari, Apulia, Italy	1.0	0.0	1.0	0.0	0.0	0.0	8.0	0.0	0.0	12.0	1.0	3.0	0.0	4	2.0	65.0	65.0	9.0	2.0	1.0	41.09211	16.89051	VI - SAN PASQUALE	"19    POLYGON ((16.88629 41.08059, 16.88619 41.08055...
Name: geometry, dtype: geometry"
32	I.C. DE AMICIS-LATERZA-M.S.MICHELE	Primaria	VIA AMENDOLA, Bari, Apulia, Italy	0.0	0.0	0.0	0.0	0.0	0.0	1.0	0.0	0.0	2.0	0.0	0.0	0.0	2 pluriclassi	0.0	599.0	599.0	4.0	0.0	0.0	41.11546307987245	16.88022236748941	VI - SAN PASQUALE	"19    POLYGON ((16.88629 41.08059, 16.88619 41.08055...
Name: geometry, dtype: geometry"
33	DE AMICIS-LATERZA-M.S.MICHELE (Istituto Comprensivo)	Infanzia	VIA AMENDOLA, Bari, Apulia, Italy	0.0	0.0	0.0	0.0	0.0	0.0	1.0	0.0	0.0	0.0	0.0	0.0	0.0	1 PLURICLASSE	0.0	327.0	327.0	2.0	0.0	0.0	41.11546307987245	16.88022236748941	VI - SAN PASQUALE	"19    POLYGON ((16.88629 41.08059, 16.88619 41.08055...
Name: geometry, dtype: geometry"
34	C.P.I.A.	Primaria	Via Giulio Petroni 90, Bari, Apulia, Italy	1.0	1.0	1.0	1.0	0.0	1.0	3.0	1.0	0.0	1.0	0.0	1.0	0.0	3	0.0	33.0	17.0	6.0	0.0	0.0	41.09601754078907	16.867552619401152	VII - CARRASSI	"20    POLYGON ((16.88372 41.08981, 16.88373 41.08942...
Name: geometry, dtype: geometry"
35	DE AMICIS-LATERZA-M.S.MICHELE (Istituto Comprensivo)	Infanzia	PIAZZALE PUGLIESE 1, Bari, Apulia, Italy	0.0	1.0	0.0	0.0	0.0	0.0	2.0	1.0	0.0	7.0	1.0	1.0	0.0	2	0.0	36.0	36.0	4.0	1.0	0.0	41.09211	16.89051	VI - SAN PASQUALE	"19    POLYGON ((16.88629 41.08059, 16.88619 41.08055...
Name: geometry, dtype: geometry"
37	POGGIOFRANCO - T.FIORE (Istituto Comprensivo)	Primaria	via G. Tauro, Bari, Apulia, Italy	1.0	2.0	2.0	1.0	0.0	0.0	23.0	0.0	0.0	14.0	1.0	1.0	1.0	23	0.0	466.0	466.0	51.0	5.0	0.0	41.09996	16.8611	VIII - PICONE	"10    POLYGON ((16.8569 41.11657, 16.85717 41.11656,...
Name: geometry, dtype: geometry"
40	DON L.MILANI (Istituto Comprensivo)	Infanzia	Viale delle Regioni n°62 , Bari, Apulia, Italy	0.0	0.0	1.0	1.0	0.0	0.0	3.0	1.0	1.0	3.0	1.0	2.0	0.0	3	0.0	52.0	52.0	10.0	2.0	0.0	41.123055190405964	16.79530497677839	XI - SAN PAOLO	"22    POLYGON ((16.80793 41.13541, 16.81125 41.13412...
Name: geometry, dtype: geometry"
41	DON L.MILANI (Istituto Comprensivo)	Primaria	Viale delle Regioni n°62 , Bari, Apulia, Italy	0.0	3.0	3.0	1.0	0.0	0.0	9.0	1.0	1.0	8.0	1.0	2.0	0.0	9	9.0	130.0	130.0	36.0	3.0	0.0	41.123055190405964	16.79530497677839	XI - SAN PAOLO	"22    POLYGON ((16.80793 41.13541, 16.81125 41.13412...
Name: geometry, dtype: geometry"
44	DON L.MILANI (Istituto Comprensivo)	Infanzia	Via Don Gnocchi snc, Bari, Apulia, Italy	0.0	0.0	2.0	1.0	0.0	1.0	4.0	0.0	1.0	2.0	0.0	0.0	0.0	4	4.0	75.0	73.0	10.0	2.0	1.0	41.12991	16.78562	XI - SAN PAOLO	"22    POLYGON ((16.80793 41.13541, 16.81125 41.13412...
Name: geometry, dtype: geometry"
45	DON L.MILANI (Istituto Comprensivo)	Primaria	Via Don Gnocchi snc, Bari, Apulia, Italy	1.0	3.0	1.0	1.0	0.0	1.0	13.0	1.0	0.0	6.0	1.0	2.0	2.0	13	35.0	226.0	226.0	30.0	5.0	1.0	41.12991	16.78562	XI - SAN PAOLO	"22    POLYGON ((16.80793 41.13541, 16.81125 41.13412...
Name: geometry, dtype: geometry"
46	E.LOI - G.SANTOMAURO (Istituto Comprensivo)	Infanzia	viale G. BARTOLO N.8, Bari, Apulia, Italy	1.0	0.0	0.0	1.0	0.0	1.0	9.0	1.0	0.0	6.0	1.0	1.0	0.0	9	0.0	198.0	198.0	16.0	2.0	1.0	41.09384	16.85765	VIII - PICONE	"10    POLYGON ((16.8569 41.11657, 16.85717 41.11656,...
Name: geometry, dtype: geometry"
47	E.LOI - G.SANTOMAURO (Istituto Comprensivo)	Primaria	viale G. BARTOLO N.8, Bari, Apulia, Italy	1.0	1.0	0.0	1.0	0.0	1.0	20.0	1.0	0.0	16.0	1.0	2.0	0.0	18	5.0	360.0	360.0	48.0	16.0	1.0	41.09384	16.85765	VIII - PICONE	"10    POLYGON ((16.8569 41.11657, 16.85717 41.11656,...
Name: geometry, dtype: geometry"
48	E.LOI - G.SANTOMAURO (Istituto Comprensivo)	Secondaria I Grado	viale G. BARTOLO N.8, Bari, Apulia, Italy	1.0	3.0	0.0	1.0	0.0	1.0	19.0	1.0	0.0	15.0	1.0	2.0	0.0	17	12.0	336.0	336.0	53.0	5.0	1.0	41.09384	16.85765	VIII - PICONE	"10    POLYGON ((16.8569 41.11657, 16.85717 41.11656,...
Name: geometry, dtype: geometry"
57	ELEONORA DUSE (Istituto Comprensivo)	Infanzia	STRADA SAN GIROLAMO, Bari, Apulia, Italy	0.0	2.0	0.0	1.0	0.0	0.0	4.0	0.0	0.0	7.0	1.0	2.0	0.0	4	9.0	83.0	83.0	11.0	1.0	0.0	41.13644320526889	16.8190889276183	X  - MARCONI - SAN GIROLAMO - FESCA	"11    POLYGON ((16.79057 41.15032, 16.79059 41.1503,...
Name: geometry, dtype: geometry"
58	ELEONORA DUSE (Istituto Comprensivo)	Primaria	STRADA SAN GIROLAMO, Bari, Apulia, Italy	0.0	2.0	0.0	1.0	0.0	0.0	13.0	0.0	0.0	8.0	1.0	1.0	0.0	13	68.0	248.0	248.0	41.0	5.0	0.0	41.13644320526889	16.8190889276183	X  - MARCONI - SAN GIROLAMO - FESCA	"11    POLYGON ((16.79057 41.15032, 16.79059 41.1503,...
Name: geometry, dtype: geometry"
76	GARIBALDI (Istituto Comprensivo)	Secondaria I Grado	PIZZOLI 1, Bari, Apulia, Italy	1.0	1.0	2.0	1.0	0.0	0.0	0.0	1.0	0.0	5.0	1.0	1.0	0.0	9	0.0	166.0	166.0	36.0	3.0	0.0	41.12750978209542	16.860589455218477	II - MURAT	"2    POLYGON ((16.86225 41.13358, 16.86226 41.13357...
3    POLYGON ((16.87513 41.12708, 16.87511 41.12707...
Name: geometry, dtype: geometry"
78	GARIBALDI (Istituto Comprensivo)	Infanzia	VIA RAVANAS 1, Bari, Apulia, Italy	1.0	1.0	1.0	1.0	1.0	0.0	1.0	1.0	0.0	2.0	1.0	1.0	0.0	2	0.0	23.0	23.0	4.0	2.0	0.0	41.1277204	16.857966376540126	IV - LIBERTA'	"5    POLYGON ((16.86161 41.11728, 16.86139 41.11725...
Name: geometry, dtype: geometry"
79	GARIBALDI (Istituto Comprensivo)	Primaria	VIA RAVANAS 1, Bari, Apulia, Italy	1.0	1.0	1.0	1.0	0.0	1.0	0.0	1.0	0.0	2.0	1.0	1.0	0.0	1	0.0	17.0	17.0	6.0	2.0	0.0	41.1277204	16.857966376540126	IV - LIBERTA'	"5    POLYGON ((16.86161 41.11728, 16.86139 41.11725...
Name: geometry, dtype: geometry"
90	JAPIGIA 1 - VERGA (Istituto Comprensivo)	Infanzia	V.LE JAPIGIA 140 , Bari, Apulia, Italy	0.0	0.0	0.0	0.0	0.0	0.0	5.0	0.0	1.0	4.0	0.0	0.0	1.0	4	8.0	96.0	96.0	11.0	2.0	0.0	41.11584496524048	16.89120293612295	V - JAPIGIA	"6    POLYGON ((16.89061 41.11877, 16.89063 41.11876...
Name: geometry, dtype: geometry"
91	JAPIGIA 1 - VERGA (Istituto Comprensivo)	Primaria	V.LE JAPIGIA 140 , Bari, Apulia, Italy	1.0	6.0	0.0	1.0	0.0	1.0	14.0	1.0	1.0	15.0	0.0	1.0	0.0	13	39.0	258.0	258.0	48.0	4.0	1.0	41.11584496524048	16.89120293612295	V - JAPIGIA	"6    POLYGON ((16.89061 41.11877, 16.89063 41.11876...
Name: geometry, dtype: geometry"
93	JAPIGIA 1 - VERGA (Istituto Comprensivo)	Infanzia	VIA PEUCETIA , Bari, Apulia, Italy	1.0	0.0	0.0	1.0	1.0	1.0	4.0	0.0	0.0	4.0	1.0	0.0	0.0	4	0.0	85.0	85.0	9.0	1.0	1.0	41.11215813944206	16.89452865866958	V - JAPIGIA	"6    POLYGON ((16.89061 41.11877, 16.89063 41.11876...
Name: geometry, dtype: geometry"
94	JAPIGIA 1 - VERGA (Istituto Comprensivo)	Primaria	VIA PEUCETIA , Bari, Apulia, Italy	1.0	3.0	1.0	1.0	1.0	1.0	14.0	0.0	0.0	25.0	1.0	1.0	0.0	14	28.0	321.0	321.0	1.0	5.0	1.0	41.11215813944206	16.89452865866958	V - JAPIGIA	"6    POLYGON ((16.89061 41.11877, 16.89063 41.11876...
Name: geometry, dtype: geometry"
105	MASSARI - GALILEI (Istituto Comprensivo)	Infanzia	VIA DE GEMMIS 13, Bari, Apulia, Italy	0.0	0.0	0.0	1.0	0.0	1.0	6.0	0.0	0.0	4.0	1.0	1.0	0.0	6	0.0	114.0	114.0	14.0	3.0	0.0	41.11234844946779	16.8660018566663	VIII - PICONE	"10    POLYGON ((16.8569 41.11657, 16.85717 41.11656,...
Name: geometry, dtype: geometry"
106	MASSARI - GALILEI (Istituto Comprensivo)	Primaria	VIA DE GEMMIS 13, Bari, Apulia, Italy	1.0	1.0	0.0	1.0	0.0	1.0	12.0	0.0	0.0	11.0	1.0	3.0	0.0	16	0.0	211.0	211.0	44.0	2.0	0.0	41.11234844946779	16.8660018566663	VIII - PICONE	"10    POLYGON ((16.8569 41.11657, 16.85717 41.11656,...
Name: geometry, dtype: geometry"
107	MASSARI - GALILEI (Istituto Comprensivo)	Primaria	VIALE SALANDRA 18, Bari, Apulia, Italy	1.0	2.0	0.0	1.0	0.0	1.0	0.0	1.0	0.0	22.0	0.0	2.0	0.0	23	0.0	390.0	390.0	55.0	5.0	0.0	41.11415825	16.86468037793845	VIII - PICONE	"10    POLYGON ((16.8569 41.11657, 16.85717 41.11656,...
Name: geometry, dtype: geometry"
108	DE AMICIS - LATERZA - M.S.MICHELE (Istituto Comprensivo)	Primaria	PIAZA GIULIO CESARE 11, Bari, Apulia, Italy	0.0	0.0	0.0	0.0	0.0	0.0	1.0	0.0	0.0	0.0	0.0	0.0	0.0	1	0.0	159.0	159.0	1.0	0.0	0.0	41.11219	16.86176	VIII - PICONE	"10    POLYGON ((16.8569 41.11657, 16.85717 41.11656,...
Name: geometry, dtype: geometry"
109	MASSARI - GALILEI (Istituto Comprensivo)	Infanzia	VIA LEMBO 1/A, Bari, Apulia, Italy	0.0	1.0	0.0	0.0	0.0	0.0	0.0	0.0	0.0	9.0	0.0	1.0	0.0	6	0.0	115.0	115.0	11.0	3.0	0.0	41.11450998621505	16.865185662057765	VIII - PICONE	"10    POLYGON ((16.8569 41.11657, 16.85717 41.11656,...
Name: geometry, dtype: geometry"
114	MAZZINI - MODUGNO (Istituto Comprensivo)	Infanzia	Piazzetta Frati Cappuccini, Bari, Apulia, Italy	0.0	0.0	1.0	0.0	1.0	0.0	9.0	0.0	0.0	4.0	0.0	2.0	0.0	9	0.0	144.0	144.0	23.0	5.0	0.0	41.11952855	16.866611523712315	II - MURAT	"2    POLYGON ((16.86225 41.13358, 16.86226 41.13357...
3    POLYGON ((16.87513 41.12708, 16.87511 41.12707...
Name: geometry, dtype: geometry"
115	UMBERTO 1°-S.NICOLA (Istituto Comprensivo)	Primaria	LARGO SAN SABINO 1, Bari, Apulia, Italy	1.0	1.0	0.0	0.0	0.0	1.0	5.0	1.0	0.0	4.0	0.0	1.0	0.0	5	0.0	74.0	74.0	17.0	5.0	1.0	41.128031750000005	16.869289723901673	I - SAN NICOLA	"0    POLYGON ((16.86608 41.14276, 16.86608 41.14278...
1    POLYGON ((16.86608 41.1428, 16.86608 41.14278,...
Name: geometry, dtype: geometry"
116	UMBERTO 1°-S.NICOLA (Istituto Comprensivo)	Primaria	VIA CARDUCCI 10, Bari, Apulia, Italy	0.0	1.0	0.0	1.0	1.0	0.0	26.0	0.0	0.0	6.0	0.0	2.0	0.0	26	0.0	494.0	494.0	59.0	8.0	0.0	41.1269974	16.8638222	II - MURAT	"2    POLYGON ((16.86225 41.13358, 16.86226 41.13357...
3    POLYGON ((16.87513 41.12708, 16.87511 41.12707...
Name: geometry, dtype: geometry"
123	PALESE - 27° Circolo	Primaria	V.LE LEONARDO DEL TURCO, Bari, Apulia, Italy	0.0	1.0	0.0	1.0	0.0	1.0	15.0	0.0	0.0	6.0	1.0	1.0	0.0	15	47.0	321.0	321.0	41.0	5.0	0.0	41.15107	16.75537	XIII - SANTO SPIRITO	"12    POLYGON ((16.73178 41.16969, 16.7318 41.16969,...
Name: geometry, dtype: geometry"
128	CIRILLO CONV.NAZ. 30° Circolo	Primaria	VIA DOMENICO CIRILLO 33, Bari, Apulia, Italy	1.0	1.0	0.0	1.0	1.0	1.0	15.0	1.0	1.0	2.0	0.0	2.0	0.0	15	0.0	314.0	314.0	21.0	9.0	0.0	41.113640649999994	16.8784313609795	VI - SAN PASQUALE	"19    POLYGON ((16.88629 41.08059, 16.88619 41.08055...
Name: geometry, dtype: geometry"
129	CIRILLO CONV.NAZ. 30° Circolo	Secondaria I Grado	VIA DOMENICO CIRILLO 33, Bari, Apulia, Italy	1.0	3.0	3.0	1.0	1.0	1.0	13.0	1.0	1.0	2.0	0.0	2.0	0.0	13	0.0	299.0	299.0	21.0	8.0	0.0	41.113640649999994	16.8784313609795	VI - SAN PASQUALE	"19    POLYGON ((16.88629 41.08059, 16.88619 41.08055...
Name: geometry, dtype: geometry"
132	GORJUX R.-TRIDENTE-VIVANTE Ist.Istruzione Sec.Superiore	Secondaria II Grado	Piazza Armando Diaz n.10, Bari, Apulia, Italy	1.0	8.0	0.0	1.0	1.0	0.0	20.0	2.0	0.0	10.0	1.0	4.0	4.0	16	0.0	298.0	298.0	55.0	6.0	0.0	41.12270275	16.877657243442435	III - MADONNELLA	"4    POLYGON ((16.87762 41.12319, 16.87768 41.12316...
Name: geometry, dtype: geometry"
133	GORJUX R.-TRIDENTE-VIVANTE Ist.Istruzione Sec.Superiore	Secondaria II Grado	Via Raffaele Bovio n.13, Bari, Apulia, Italy	1.0	8.0	0.0	1.0	3.0	1.0	16.0	1.0	0.0	14.0	1.0	2.0	1.0	16	0.0	307.0	307.0	57.0	7.0	0.0	41.09559318762599	16.885636709626787	VI - SAN PASQUALE	"19    POLYGON ((16.88629 41.08059, 16.88619 41.08055...
Name: geometry, dtype: geometry"
134	GORJUX R.-TRIDENTE-VIVANTE Ist.Istruzione Sec.Superiore	Secondaria II Grado	Viale Papa Giovanni XXIII n.59, Bari, Apulia, Italy	0.0	4.0	1.0	1.0	0.0	1.0	10.0	1.0	0.0	8.0	2.0	2.0	4.0	10	0.0	181.0	181.0	38.0	4.0	1.0	41.107195161456445	16.86975770069892	VII - CARRASSI	"20    POLYGON ((16.88372 41.08981, 16.88373 41.08942...
Name: geometry, dtype: geometry"
139	PEROTTI A. - I.P.S.S.A.R. Ist.Servizi Albergh.e Ristor.	Secondaria II Grado	via Niceforo 8, Bari, Apulia, Italy	0.0	8.0	1.0	1.0	1.0	1.0	19.0	1.0	0.0	19.0	2.0	3.0	0.0	19	10.0	620.0	620.0	150.0	9.0	0.0	41.10194489017113	16.862124603134923	VIII - PICONE	"10    POLYGON ((16.8569 41.11657, 16.85717 41.11656,...
Name: geometry, dtype: geometry"
143	E.DI SAVOIA-CALAMANDREI Ist.Istruzione Sec.Superiore	Secondaria II Grado	VIA SAN GASPARE DEL BUFALO 1, Bari, Apulia, Italy	1.0	4.0	1.0	1.0	1.0	1.0	21.0	1.0	1.0	15.0	1.0	2.0	2.0	21	30.0	309.0	309.0	78.0	8.0	0.0	41.0685152	16.864358293324784	XIV - CARBONARA DI BARI	"14    POLYGON ((16.86207 41.08983, 16.86242 41.08982...
15    POLYGON ((16.91074 41.07319, 16.91083 41.07304...
16    POLYGON ((16.91083 41.07304, 16.91084 41.07305...
Name: geometry, dtype: geometry"
145	DE NITTIS - PASCALI Ist.Istruzione Sec.Superiore	Secondaria II Grado	Corso Vittorio Veneto 14, Bari, Apulia, Italy	1.0	16.0	0.0	0.0	1.0	1.0	23.0	1.0	0.0	36.0	1.0	5.0	0.0	36	13.0	742.0	707.0	139.0	11.0	0.0	41.12771735	16.85715404091615	IV - LIBERTA'	"5    POLYGON ((16.86161 41.11728, 16.86139 41.11725...
Name: geometry, dtype: geometry"
146	DE NITTIS - PASCALI Ist.Istruzione Sec.Superiore	Secondaria II Grado	via Timavo 25, Bari, Apulia, Italy	1.0	9.0	0.0	0.0	1.0	0.0	23.0	1.0	0.0	37.0	1.0	5.0	0.0	23	9.0	507.0	481.0	86.0	9.0	0.0	41.110106003069916	16.866003051908308	VIII - PICONE	"10    POLYGON ((16.8569 41.11657, 16.85717 41.11656,...
Name: geometry, dtype: geometry"
148	IPSIA SANTARELLA - DE LILLA	Secondaria II Grado	VIA CELSO ULPIANI 8, Bari, Apulia, Italy	1.0	6.0	1.0	1.0	0.0	0.0	25.0	1.0	0.0	12.0	0.0	1.0	0.0	25	11.0	559.0	559.0	96.0	6.0	0.0	41.11094763875459	16.879521762470667	VI - SAN PASQUALE	"19    POLYGON ((16.88629 41.08059, 16.88619 41.08055...
Name: geometry, dtype: geometry"
149	I.T. EUCLIDE-CARACCIOLO	Secondaria II Grado	VIA CALDAROLA (POLIV.), Bari, Apulia, Italy	1.0	9.0	1.0	0.0	0.0	0.0	17.0	1.0	0.0	9.0	2.0	3.0	1.0	17	304.0	304.0	304.0	52.0	4.0	0.0	41.10245	16.9104	V - JAPIGIA	"6    POLYGON ((16.89061 41.11877, 16.89063 41.11876...
Name: geometry, dtype: geometry"
151	SOCRATE - Liceo Classico	Secondaria II Grado	via San Tommaso d'Aquino n. 4 - 70124 Bari, Bari, Apulia, Italy	1.0	5.0	7.0	1.0	1.0	1.0	26.0	1.0	0.0	35.0	2.0	4.0	0.0	24	163.0	558.0	558.0	47.0	9.0	0.0	41.09782927598448	16.85847197766357	VIII - PICONE	"10    POLYGON ((16.8569 41.11657, 16.85717 41.11656,...
Name: geometry, dtype: geometry"
154	C.P.I.A.	Secondaria I Grado	LARGO URBANO II, Bari, Apulia, Italy	0.0	2.0	0.0	0.0	0.0	0.0	4.0	1.0	0.0	3.0	0.0	1.0	0.0	5	0.0	342.0	342.0	6.0	2.0	2.0	41.1305518	16.870216	I - SAN NICOLA	"0    POLYGON ((16.86608 41.14276, 16.86608 41.14278...
1    POLYGON ((16.86608 41.1428, 16.86608 41.14278,...
Name: geometry, dtype: geometry"
156	C.P.I.A.	Secondaria I Grado	CORSO DE GASPERI 307, Bari, Apulia, Italy	3.0	1.0	1.0	0.0	0.0	0.0	6.0	0.0	0.0	3.0	0.0	0.0	0.0	6	0.0	45.0	45.0	7.0	0.0	0.0	41.09194102627771	16.870131928273555	VII - CARRASSI	"20    POLYGON ((16.88372 41.08981, 16.88373 41.08942...
Name: geometry, dtype: geometry"
157	C.P.I.A.	Secondaria I Grado	VIA DANIELE PETRERA 80, Bari, Apulia, Italy	0.0	0.0	0.0	0.0	0.0	0.0	4.0	1.0	0.0	2.0	0.0	0.0	0.0	7	0.0	130.0	130.0	7.0	1.0	0.0	41.10982851395291	16.862947073554434	VIII - PICONE	"10    POLYGON ((16.8569 41.11657, 16.85717 41.11656,...
Name: geometry, dtype: geometry"
158	C.P.I.A.	Secondaria I Grado	VIA LOMBARDIA, Bari, Apulia, Italy	0.0	1.0	0.0	0.0	0.0	0.0	2.0	0.0	0.0	4.0	0.0	0.0	0.0	13	0.0	224.0	224.0	6.0	1.0	0.0	41.119949941152186	16.788121856172562	XI - SAN PAOLO	"22    POLYGON ((16.80793 41.13541, 16.81125 41.13412...
Name: geometry, dtype: geometry"
160	FERMI - Liceo Scientifico	Secondaria II Grado	Via R. Bovio 19/A, Bari, Apulia, Italy	1.0	7.0	0.0	1.0	1.0	1.0	60.0	1.0	0.0	90.0	1.0	2.0	0.0	60	278.0	1629.0	1629.0	122.0	19.0	1.0	41.12288	16.85923	IV - LIBERTA'	"5    POLYGON ((16.86161 41.11728, 16.86139 41.11725...
Name: geometry, dtype: geometry"
162	I.I.S.S. MARCO POLO	Secondaria II Grado	VIALE GIUSEPPE BARTOLO 4/6, Bari, Apulia, Italy	1.0	7.0	6.0	1.0	1.0	1.0	63.0	1.0	0.0	48.0	2.0	3.0	0.0	63	950.0	1487.0	1419.0	154.0	16.0	0.0	41.095120699999995	16.858249145930642	VIII - PICONE	"10    POLYGON ((16.8569 41.11657, 16.85717 41.11656,...
Name: geometry, dtype: geometry"
163	IST. TECNICO ECONOMICO	Secondaria II Grado	VIA CALDAROLA CENTRO STUDI POLIVALENTE BARI, Bari, Apulia, Italy	0.0	9.0	1.0	1.0	1.0	1.0	36.0	1.0	0.0	10.0	2.0	2.0	0.0	36	400.0	644.0	644.0	94.0	13.0	0.0	41.10614	16.9005	V - JAPIGIA	"6    POLYGON ((16.89061 41.11877, 16.89063 41.11876...
Name: geometry, dtype: geometry"
166	SALVEMINI - Liceo Scientifico	Secondaria II Grado	VIA PREZZOLINI, Bari, Apulia, Italy	1.0	4.0	1.0	1.0	1.0	1.0	48.0	1.0	0.0	35.0	2.0	3.0	0.0	48	0.0	1034.0	1034.0	91.0	15.0	0.0	41.100423845095015	16.907285123135466	V - JAPIGIA	"6    POLYGON ((16.89061 41.11877, 16.89063 41.11876...
Name: geometry, dtype: geometry"
168	LENOCI	Secondaria II Grado	VIA CALDAROLA CENTRO STUDI POLIVALENTE BARI, Bari, Apulia, Italy	0.0	9.0	1.0	1.0	1.0	1.0	36.0	1.0	0.0	10.0	2.0	2.0	0.0	36	400.0	644.0	644.0	93.0	13.0	0.0	41.10614	16.9005	V - JAPIGIA	"6    POLYGON ((16.89061 41.11877, 16.89063 41.11876...
Name: geometry, dtype: geometry"
170	LE ALI DI MICHELA	Asilo	piazzetta eleonore, Bari, Apulia, Italy	0.0	0.0	1.0	0.0	0.0	0.0	3.0	0.0	1.0	7.0	0.0	0.0	0.0	3	0.0	49.0	49.0	10.0	1.0	0.0	41.14846	16.73927	XIII - SANTO SPIRITO	"12    POLYGON ((16.73178 41.16969, 16.7318 41.16969,...
Name: geometry, dtype: geometry"
173	PAOLA LABRIOLA	Asilo	Via C. Ulpiani n. 9, Bari, Apulia, Italy	0.0	0.0	3.0	0.0	0.0	0.0	0.0	0.0	1.0	5.0	1.0	1.0	0.0	2	0.0	21.0	21.0	5.0	1.0	0.0	41.11169	16.8795	VI - SAN PASQUALE	"19    POLYGON ((16.88629 41.08059, 16.88619 41.08055...
Name: geometry, dtype: geometry"
174	LA TANA DEL GHIRO	Asilo	via laetitia abbaticola 2, Bari, Apulia, Italy	0.0	0.0	3.0	0.0	0.0	0.0	3.0	0.0	1.0	11.0	0.0	0.0	0.0	3	0.0	54.0	54.0	13.0	3.0	0.0	41.10047	16.88706	VI - SAN PASQUALE	"19    POLYGON ((16.88629 41.08059, 16.88619 41.08055...
Name: geometry, dtype: geometry"
175	LIBERTA'	Asilo	via Garruba n. 160, Bari, Apulia, Italy	0.0	0.0	1.0	0.0	0.0	0.0	3.0	0.0	1.0	3.0	0.0	0.0	0.0	3	0.0	20.0	20.0	5.0	1.0	0.0	41.12034362463101	16.864572921087518	II - MURAT	"2    POLYGON ((16.86225 41.13358, 16.86226 41.13357...
3    POLYGON ((16.87513 41.12708, 16.87511 41.12707...
Name: geometry, dtype: geometry"
176	COSTA	Asilo	via Nicola Costa 2 - 4, Bari, Apulia, Italy	0.0	0.0	1.0	0.0	0.0	0.0	4.0	0.0	1.0	5.0	0.0	0.0	0.0	4	0.0	50.0	50.0	11.0	1.0	0.0	41.13589	16.81887	X  - MARCONI - SAN GIROLAMO - FESCA	"11    POLYGON ((16.79057 41.15032, 16.79059 41.1503,...
Name: geometry, dtype: geometry"
177	STANIC	Asilo	via cassala 5, Bari, Apulia, Italy	0.0	0.0	1.0	0.0	0.0	0.0	3.0	1.0	1.0	6.0	0.0	0.0	0.0	3	0.0	42.0	42.0	9.0	2.0	0.0	41.11820559325281	16.83823309701829	IX - STANIC	"21    POLYGON ((16.80453 41.12328, 16.80474 41.12331...
Name: geometry, dtype: geometry"
178	MONTESSORI	Asilo	Via V. Veneto n. 189, Bari, Apulia, Italy	0.0	0.0	4.0	0.0	0.0	0.0	3.0	1.0	1.0	5.0	0.0	0.0	0.0	3	0.0	48.0	48.0	11.0	1.0	0.0	41.06827	16.86963	XIV - CARBONARA DI BARI	"14    POLYGON ((16.86207 41.08983, 16.86242 41.08982...
15    POLYGON ((16.91074 41.07319, 16.91083 41.07304...
16    POLYGON ((16.91083 41.07304, 16.91084 41.07305...
Name: geometry, dtype: geometry"
179	PRINCIPESSA IOLANDA (Direzione)	Infanzia	Via Carducci 23, Bari, Apulia, Italy	0.0	0.0	1.0	0.0	0.0	0.0	5.0	0.0	0.0	4.0	1.0	1.0	0.0	5	0.0	96.0	91.0	11.0	1.0	0.0	41.1273101	16.8640158	II - MURAT	"2    POLYGON ((16.86225 41.13358, 16.86226 41.13357...
3    POLYGON ((16.87513 41.12708, 16.87511 41.12707...
Name: geometry, dtype: geometry"
187	LORIS MALAGUZZI	Infanzia	Via Lamie, Bari, Apulia, Italy	1.0	0.0	1.0	0.0	0.0	0.0	2.0	0.0	0.0	3.0	0.0	1.0	1.0	2	0.0	36.0	36.0	4.0	1.0	0.0	41.071338802098694	16.869214628172397	XIV - CARBONARA DI BARI	"14    POLYGON ((16.86207 41.08983, 16.86242 41.08982...
15    POLYGON ((16.91074 41.07319, 16.91083 41.07304...
16    POLYGON ((16.91083 41.07304, 16.91084 41.07305...
Name: geometry, dtype: geometry"
189	ALBEROTANZA (Primi passi Alberotanza)	Asilo	TRAV.2^ VIA UMBRIA 5, Bari, Apulia, Italy	1.0	2.0	1.0	1.0	1.0	1.0	2.0	1.0	1.0	6.0	1.0	1.0	0.0	2	0.0	22.0	22.0	3.0	1.0	1.0	41.12171	16.79384	XI - SAN PAOLO	"22    POLYGON ((16.80793 41.13541, 16.81125 41.13412...
Name: geometry, dtype: geometry"
190	ALBEROTANZA (Primi passi Alberotanza)	Asilo	TRAV.2^ VIA UMBRIA 5, Bari, Apulia, Italy	1.0	2.0	1.0	1.0	1.0	1.0	2.0	1.0	1.0	6.0	1.0	1.0	0.0	2	1.0	20.0	20.0	2.0	1.0	1.0	41.12171	16.79384	XI - SAN PAOLO	"22    POLYGON ((16.80793 41.13541, 16.81125 41.13412...
Name: geometry, dtype: geometry"
191	GIROTONDO CLUB	Asilo	VIA EROI DI DOGALI 2/B, Bari, Apulia, Italy	0.0	0.0	1.0	0.0	1.0	0.0	4.0	1.0	0.0	2.0	0.0	1.0	0.0	3	0.0	27.0	27.0	3.0	2.0	0.0	41.1280352901741	16.846613118499064	IV - LIBERTA'	"5    POLYGON ((16.86161 41.11728, 16.86139 41.11725...
Name: geometry, dtype: geometry"
193	IL GIRASOLE	Asilo	CORSO ALCIDE DE GASPERI 294, Bari, Apulia, Italy	0.0	0.0	1.0	0.0	1.0	0.0	3.0	0.0	1.0	2.0	1.0	3.0	0.0	3	0.0	19.0	19.0	4.0	2.0	0.0	41.09194102627771	16.870131928273555	VII - CARRASSI	"20    POLYGON ((16.88372 41.08981, 16.88373 41.08942...
Name: geometry, dtype: geometry"
194	MIROPIO'	Asilo	Via Del Quadrifoglio 14, Bari, Apulia, Italy	0.0	0.0	1.0	1.0	1.0	0.0	3.0	0.0	1.0	4.0	0.0	0.0	0.0	3	0.0	15.0	15.0	2.0	1.0	0.0	41.15381	16.7699	XII - PALESE - MACCHIE	"13    POLYGON ((16.76887 41.16162, 16.76889 41.16161...
Name: geometry, dtype: geometry"
195	SANTA MARIA DI LEUCA (Istituto Figlie di Santa Maria di Leuca)	Asilo	VIA CAMILLO ROSALBA 42, Bari, Apulia, Italy	0.0	0.0	1.0	1.0	0.0	0.0	5.0	0.0	1.0	4.0	1.0	0.0	0.0	5	0.0	118.0	114.0	5.0	1.0	1.0	41.08311680138833	16.85287983857767	XIV - CARBONARA DI BARI	"14    POLYGON ((16.86207 41.08983, 16.86242 41.08982...
15    POLYGON ((16.91074 41.07319, 16.91083 41.07304...
16    POLYGON ((16.91083 41.07304, 16.91084 41.07305...
Name: geometry, dtype: geometry"
196	DI CAGNO ABBRESCIA	Asilo	Corso Alcide De Gasperi 320, Bari, Apulia, Italy	0.0	0.0	1.0	0.0	0.0	0.0	3.0	1.0	1.0	5.0	0.0	0.0	0.0	3	0.0	29.0	29.0	4.0	2.0	0.0	41.09194102627771	16.870131928273555	VII - CARRASSI	"20    POLYGON ((16.88372 41.08981, 16.88373 41.08942...
Name: geometry, dtype: geometry"
197	BABY CLUB	Asilo	Via Gaetano Devitofrancesco 2/N20, Bari, Apulia, Italy	0.0	0.0	1.0	0.0	0.0	0.0	2.0	1.0	1.0	4.0	0.0	0.0	0.0	2	0.0	29.0	29.0	4.0	2.0	0.0	41.11455441468003	16.866418578039173	VIII - PICONE	"10    POLYGON ((16.8569 41.11657, 16.85717 41.11656,...
Name: geometry, dtype: geometry"
199	SCUOLA DEI FIORI	Asilo	Viale Domenico Cotugno 2/4 - 70124 Bari, Bari, Apulia, Italy	0.0	1.0	1.0	1.0	0.0	1.0	4.0	1.0	1.0	3.0	1.0	1.0	0.0	4 compresa la sezione primavera	0.0	83.0	83.0	13.0	2.0	0.0	41.1073047	16.8563734	VIII - PICONE	"10    POLYGON ((16.8569 41.11657, 16.85717 41.11656,...
Name: geometry, dtype: geometry"
200	SIMPATICHE CANAGLIE	Asilo	via F. Campione 27, Bari, Apulia, Italy	0.0	0.0	1.0	0.0	0.0	0.0	2.0	0.0	1.0	4.0	0.0	0.0	0.0	2	0.0	25.0	25.0	4.0	0.0	0.0	41.11289	16.86545	VIII - PICONE	"10    POLYGON ((16.8569 41.11657, 16.85717 41.11656,...
Name: geometry, dtype: geometry"
201	FLY FAMILY c/o Aeroporto di Bari Palese	Infanzia	viale enzo ferrari, Bari, Apulia, Italy	0.0	0.0	1.0	1.0	1.0	0.0	3.0	1.0	1.0	9.0	1.0	2.0	0.0	3	0.0	71.0	71.0	4.0	3.0	0.0	41.13589621336141	16.77379114500223	XII - PALESE - MACCHIE	"13    POLYGON ((16.76887 41.16162, 16.76889 41.16161...
Name: geometry, dtype: geometry"
203	OPERA PIA ARCICONFRATERNITA MARIA SS. DEL CARMINE ETS APS	Asilo	Strada Carmine 11, Bari, Apulia, Italy	1.0	1.0	1.0	1.0	0.0	1.0	2.0	1.0	1.0	3.0	2.0	3.0	0.0	2	0.0	40.0	40.0	3.0	1.0	0.0	41.129285538476246	16.86913219305865	I - SAN NICOLA	"0    POLYGON ((16.86608 41.14276, 16.86608 41.14278...
1    POLYGON ((16.86608 41.1428, 16.86608 41.14278,...
Name: geometry, dtype: geometry"
204	AGRIBIOSCUOLA Villa Dei Cedri	Infanzia	Corso Alcide De Gasperi 378, Bari, Apulia, Italy	1.0	0.0	1.0	1.0	0.0	0.0	3.0	0.0	1.0	3.0	1.0	1.0	0.0	3	0.0	50.0	50.0	3.0	1.0	0.0	41.07993	16.87203	XIV - CARBONARA DI BARI	"14    POLYGON ((16.86207 41.08983, 16.86242 41.08982...
15    POLYGON ((16.91074 41.07319, 16.91083 41.07304...
16    POLYGON ((16.91083 41.07304, 16.91084 41.07305...
Name: geometry, dtype: geometry"
207	BABY CLUB - SPAZIO INFANZIA	Infanzia	Via Gaetano Devitofrancesco 2/N20, Bari, Apulia, Italy	0.0	0.0	1.0	0.0	0.0	0.0	3.0	1.0	1.0	4.0	0.0	0.0	0.0	2	0.0	33.0	33.0	2.0	1.0	0.0	41.11455441468003	16.866418578039173	VIII - PICONE	"10    POLYGON ((16.8569 41.11657, 16.85717 41.11656,...
Name: geometry, dtype: geometry"
210	DI CAGNO ABBRESCIA	Infanzia	Corso Alcide De Gasperi 320, Bari, Apulia, Italy	0.0	0.0	1.0	0.0	0.0	0.0	3.0	1.0	1.0	5.0	0.0	0.0	0.0	2	0.0	34.0	34.0	2.0	1.0	0.0	41.09194102627771	16.870131928273555	VII - CARRASSI	"20    POLYGON ((16.88372 41.08981, 16.88373 41.08942...
Name: geometry, dtype: geometry"
211	FILIPPO SMALDONE CONGR. S. SALESIANE SACRI CUORI	Infanzia	Strada San Giacomo 2, Bari, Apulia, Italy	1.0	3.0	3.0	1.0	0.0	1.0	5.0	1.0	1.0	3.0	1.0	3.0	0.0	2	0.0	30.0	30.0	2.0	2.0	0.0	41.1281530945676	16.86805792155993	I - SAN NICOLA	"0    POLYGON ((16.86608 41.14276, 16.86608 41.14278...
1    POLYGON ((16.86608 41.1428, 16.86608 41.14278,...
Name: geometry, dtype: geometry"
212	FLY FAMILY SOC. COOP. SOC. ORLANDO	Asilo	viale enzo ferrari, Bari, Apulia, Italy	0.0	0.0	1.0	1.0	1.0	0.0	3.0	1.0	1.0	9.0	1.0	2.0	0.0	4	0.0	79.0	79.0	9.0	3.0	0.0	41.13589621336141	16.77379114500223	XII - PALESE - MACCHIE	"13    POLYGON ((16.76887 41.16162, 16.76889 41.16161...
Name: geometry, dtype: geometry"
217	IL GIRASOLE SOC. COOP. SOC.	Infanzia	CORSO ALCIDE DE GASPERI 294, Bari, Apulia, Italy	0.0	0.0	1.0	0.0	1.0	0.0	2.0	0.0	1.0	2.0	1.0	3.0	0.0	2	0.0	35.0	35.0	2.0	2.0	0.0	41.09194102627771	16.870131928273555	VII - CARRASSI	"20    POLYGON ((16.88372 41.08981, 16.88373 41.08942...
Name: geometry, dtype: geometry"
228	PREZ.MO SANGUE	Infanzia	VIA SCIPIONE l?AFRICANO 272, Bari, Apulia, Italy	0.0	1.0	2.0	2.0	1.0	2.0	2.0	1.0	0.0	10.0	2.0	4.0	0.0	2	0.0	45.0	45.0	5.0	1.0	1.0	41.11132924908185	16.864365229749616	VIII - PICONE	"10    POLYGON ((16.8569 41.11657, 16.85717 41.11656,...
Name: geometry, dtype: geometry"
229	SCUOLA DEI FIORI	Infanzia	Viale Domenico Cotugno 2/4, Bari, Apulia, Italy	0.0	1.0	1.0	1.0	0.0	1.0	6.0	1.0	1.0	3.0	1.0	2.0	0.0	6	0.0	138.0	138.0	10.0	2.0	0.0	41.1073047	16.8563734	VIII - PICONE	"10    POLYGON ((16.8569 41.11657, 16.85717 41.11656,...
Name: geometry, dtype: geometry"
231	SNUPY	Infanzia	VIA VACCARELLA 53, Bari, Apulia, Italy	0.0	0.0	1.0	0.0	0.0	0.0	3.0	0.0	0.0	2.0	0.0	1.0	0.0	3	1.0	46.0	46.0	3.0	1.0	0.0	41.07454500628805	16.864298549627232	XIV - CARBONARA DI BARI	"14    POLYGON ((16.86207 41.08983, 16.86242 41.08982...
15    POLYGON ((16.91074 41.07319, 16.91083 41.07304...
16    POLYGON ((16.91083 41.07304, 16.91084 41.07305...
Name: geometry, dtype: geometry"
238	PREZ.MO SANGUE	Primaria	VIA SCIPIONE l?AFRICANO 272, Bari, Apulia, Italy	1.0	3.0	1.0	2.0	1.0	2.0	10.0	1.0	0.0	11.0	2.0	4.0	0.0	10	0.0	172.0	172.0	16.0	2.0	1.0	41.11132924908185	16.864365229749616	VIII - PICONE	"10    POLYGON ((16.8569 41.11657, 16.85717 41.11656,...
Name: geometry, dtype: geometry"
241	PREZ.MO SANGUE	Secondaria I Grado	VIA SCIPIONE l?AFRICANO 272, Bari, Apulia, Italy	1.0	3.0	1.0	2.0	1.0	2.0	3.0	1.0	0.0	8.0	2.0	4.0	0.0	3	0.0	70.0	70.0	13.0	1.0	1.0	41.11132924908185	16.864365229749616	VIII - PICONE	"10    POLYGON ((16.8569 41.11657, 16.85717 41.11656,...
Name: geometry, dtype: geometry"
244	ISTITUTUI PARITARI ALESSANDRO VOLTA - I.T.E.A.F.M.	Secondaria II Grado	Via Giustino Fortunato 8/m, Bari, Apulia, Italy	1.0	4.0	2.0	0.0	0.0	0.0	10.0	1.0	0.0	3.0	0.0	1.0	0.0	6	0.0	101.0	101.0	14.0	1.0	0.0	41.10451	16.88094	VI - SAN PASQUALE	"19    POLYGON ((16.88629 41.08059, 16.88619 41.08055...
Name: geometry, dtype: geometry"
245	CITTA DELLA DELLA FORMAZIONE  (c/o Ist. Di Cagno Abbescia)	Secondaria II Grado	Corso Alcide De Gasperi 320, Bari, Apulia, Italy	1.0	1.0	1.0	1.0	1.0	0.0	10.0	1.0	0.0	3.0	1.0	1.0	0.0	11	0.0	271.0	262.0	22.0	1.0	0.0	41.09194102627771	16.870131928273555	VII - CARRASSI	"20    POLYGON ((16.88372 41.08981, 16.88373 41.08942...
Name: geometry, dtype: geometry"
247	ELEONORA DUSE (Istituto Comprensivo)	Infanzia	VIA DEL FARO 8/A, Bari, Apulia, Italy	1.0	3.0	0.0	1.0	0.0	0.0	4.0	1.0	0.0	3.0	1.0	1.0	0.0	4	23.0	87.0	87.0	14.0	1.0	0.0	41.13757221460744	16.844367567898516	X  - MARCONI - SAN GIROLAMO - FESCA	"11    POLYGON ((16.79057 41.15032, 16.79059 41.1503,...
Name: geometry, dtype: geometry"
