nome,pec,plesso,ordine,indirizzo,dirigente,email,tel,fax,municipio,proprietario,n_biblioteca,n_laboratori,n_refettori,n_aule_attivita_collettive,n_palestre_coperte,n_palestre_scoperte,n_auditorium,n_ambienti_destinati_ad_aule,n_segreteria,n_ambienti_destinati_al_dirigente_scolastico,n_archivio,n_sale_insegnati,n_sale_riunioni,n_cucine,n_servizi_igenici,n_ascensori,n_piani,n_aule_non_utilizzate,n_locali_concessi_a_enti_in_orario_scolastico,n_locali_concessi_a_enti_in_orario_extrascolastico,n_locali_concessi_a_enti_in_orario_entrambi,n_classi_funzionanti_nell_anno,ore_articolate_su_gg,n_ore_a_tempo_normale,n_ore_a_tempo_prolungato,n_ore_a_tempo_pieno,n_ore_serale,n_alunni_refezione,n_alunni_refezione_tempo_pieno,n_alunni_rientro_settimanale,n_alunni_servizio_trasporto,n_alunni_stranieri,n_classi_alunni_stranieri,n_alunni_inadempienti,iscritti_f,iscritti_m,iscritti_tot,frequentanti_f,frequentanti_m,frequentanti_tot,n_docenti,n_bidelli,n_custode,n_mediatori_culturali,matricola_aqp
ARISTIDE GABELLI (Istituto Comprensivo),baic84200t@pec.istruzione.it,A.MORO SEC. 1°,Secondaria I Grado,VIA DALMAZIA,,,,,,,,,,,,,,,,,,,,,,,,,,,,,,,,,,,,,,,,,,,,,,,,,,,
ARISTIDE GABELLI (Istituto Comprensivo),baic84200t@pec.istruzione.it,ALBERO AZZURRO,Infanzia,VIA DELLA TOLLERANZA,DE ROBERTIS LILIANA,baic84200t@istruzione.it,805339334,805332341,5,//////,0,0,1,0,0,0,0,3,0,0,0,0,0,2,11,0,1,0,0,0,0,3,5,3,0,0,0,0,0,0,0,0,0,0,15,25,40,15,25,40,3,1,0,0,119/238833/00
ARISTIDE GABELLI (Istituto Comprensivo),baic84200t@pec.istruzione.it,ARCOBALENO,Infanzia,VIA DALMAZIA,DE ROBERTIS LILIANA,baic84200t@istruzione.it,805332133,805332341,5,//////,0,0,0,0,0,0,0,5,0,0,0,0,0,1,6,0,1,0,0,0,0,3,5,1,0,2,0,42,42,0,15,0,0,0,32,30,62,32,30,62,10,2,0,0,202905
ARISTIDE GABELLI (Istituto Comprensivo),baic84200t@pec.istruzione.it,D. VACCA,Secondaria I Grado,VIA DELLE AZALEE,,,,,,,,,,,,,,,,,,,,,,,,,,,,,,,,,,,,,,,,,,,,,,,,,,,
ARISTIDE GABELLI (Istituto Comprensivo),baic84200t@pec.istruzione.it,G. FALCONE,Primaria,VIA DELLE AZALEE,,,,,,,,,,,,,,,,,,,,,,,,,,,,,,,,,,,,,,,,,,,,,,,,,,,
ARISTIDE GABELLI (Istituto Comprensivo),baic84200t@pec.istruzione.it,IQBAL MASIH,Primaria,PIAZZETTA ELEONORA,DE ROBERTIS LILIANA,baic84200t@istruzione.it,080/5338785,805332341,5,//////1,1,1,1,2,1,1,1,10,0,0,0,0,0,1,17,1,2,0,0,0,0,5,5,5,0,0,0,0,0,0,14,0,0,0,44,37,81,44,37,81,17,1,0,0,166270/AA196
ARISTIDE GABELLI (Istituto Comprensivo),baic84200t@pec.istruzione.it,R. BONGHI (Direzione),Primaria,VIA LUCCA,LILIANA DE ROBERTIS,baic84200t@istruzione.it,080/5336129,805332341,5,/////,1,1,1,0,1,1,1,26,1,1,1,0,0,1,28,1,2,0,0,0,0,20,5,15,0,5,0,100,100,0,170,6,5,19,164,195,359,164,195,359,56,6,1,0,non rilevabile visivamente
ARISTIDE GABELLI (Istituto Comprensivo),baic84200t@pec.istruzione.it,TORRICELLA,Infanzia,VIA VITO ROSA,,,,,,,,,,,,,,,,,,,,,,,,,,,,,,,,,,,,,,,,,,,,,,,,,,,
ARISTIDE GABELLI (Istituto Comprensivo),baic84200t@pec.istruzione.it,WALT DISNEY,Infanzia,VIA DELLE AZALEE,,,,,,,,,,,,,,,,,,,,,,,,,,,,,,,,,,,,,,,,,,,,,,,,,,,
BALILLA - IMBRIANI (Istituto Comprensivo),baic81400n@pec.istruzione.it,BALILLA (Direzione),Infanzia,L.GO CARABELLESE 1 BARI,PROF.SSA GIULIANA DEFLORIO,baic81400n@istruzione.it,805534737,5539088,1,Comune di Bari,1,2,1,0,0,0,0,9,0,0,0,0,0,0,3,0,1,0,0,0,0,9,5,3,0,5,0,105,59,0,0,45,9,0,80,84,164,80,84,164,15,3,0,0,/
BALILLA - IMBRIANI (Istituto Comprensivo),baic81400n@pec.istruzione.it,BALILLA (Direzione),Primaria,L.GO CARABELLESE 1 BARI,PROF.SSA GIULIANA DEFLORIO,baic81400n@istruzione.it,805534737,080 5539088,1,Comune di Bari,1,3,1,0,1,0,0,23,1,1,1,0,1,0,4,1,3,0,0,0,0,23,5,21,0,2,0,33,33,0,0,79,23,5,208,213,421,206,210,416,62,9,0,0,/
BALILLA - IMBRIANI (Istituto Comprensivo),baic81400n@pec.istruzione.it,IMBRIANI,Secondaria I Grado,L.GO CARABELLESE 1 BARI,PROF.SSA GIULIANA DEFLORIO,baic81400n@istruzione.it,805534737,805539088,1,Comune  di bari,1,5,0,1,1,0,1,15,0,1,1,1,1,0,9,1,3,0,0,0,0,15,5,15,0,0,0,0,0,0,0,53,15,0,143,140,283,143,140,283,42,5,0,0,/
CEGLIE-MANZONI-LUCARELLI (Istituto Comprensivo),BAIC846005@PEC.ISTRUZIONE.IT,A. DIAZ,Infanzia,via v. veneto,,,,,,,,,,,,,,,,,,,,,,,,,,,,,,,,,,,,,,,,,,,,,,,,,,,
CEGLIE-MANZONI-LUCARELLI (Istituto Comprensivo),BAIC846005@PEC.ISTRUZIONE.IT,A. DIAZ,Primaria,via v. veneto,,,,,,,,,,,,,,,,,,,,,,,,,,,,,,,,,,,,,,,,,,,,,,,,,,,
CEGLIE-MANZONI-LUCARELLI (Istituto Comprensivo),BAIC846005@PEC.ISTRUZIONE.IT,CEGLIE (Direzione),Primaria,VIA DIVENERE,,,,,,,,,,,,,,,,,,,,,,,,,,,,,,,,,,,,,,,,,,,,,,,,,,,
CEGLIE-MANZONI-LUCARELLI (Istituto Comprensivo),BAIC846005@PEC.ISTRUZIONE.IT,CEGLIE INFANZIA,Infanzia,VIA DIVENERE,,,,,,,,,,,,,,,,,,,,,,,,,,,,,,,,,,,,,,,,,,,,,,,,,,,
CEGLIE-MANZONI-LUCARELLI (Istituto Comprensivo),BAIC846005@PEC.ISTRUZIONE.IT,MANZONI - LUCARELLI,Secondaria I Grado,VIA ANGELANTONIO QUARANTA,,,,,,,,,,,,,,,,,,,,,,,,,,,,,,,,,,,,,,,,,,,,,,,,,,,
CEGLIE-MANZONI-LUCARELLI (Istituto Comprensivo),BAIC846005@PEC.ISTRUZIONE.IT,SANTA RITA,Infanzia,VIA DEL MONASTERO,,,,,,,,,,,,,,,,,,,,,,,,,,,,,,,,,,,,,,,,,,,,,,,,,,,
CEGLIE-MANZONI-LUCARELLI (Istituto Comprensivo),BAIC846005@PEC.ISTRUZIONE.IT,SANTA RITA,Primaria,VIA DEL MONASTERO,,,,,,,,,,,,,,,,,,,,,,,,,,,,,,,,,,,,,,,,,,,,,,,,,,,
CLEMENTINA PERONE - CARLO LEVI (Istituto Comprensivo),baic81900r@pec.istruzione.it,2° PADIGLIONE,Infanzia,VIA NAPOLI,,,,,,,,,,,,,,,,,,,,,,,,,,,,,,,,,,,,,,,,,,,,,,,,,,,
CLEMENTINA PERONE - CARLO LEVI (Istituto Comprensivo),BAIC81900R@PEC.ISTRUZIONE.IT,CARLO LEVI SEC. 1°,Secondaria I Grado,VIA BABUDRI,,,,,,,,,,,,,,,,,,,,,,,,,,,,,,,,,,,,,,,,,,,,,,,,,,,
CLEMENTINA PERONE - CARLO LEVI (Istituto Comprensivo),baic81900r@pec.istruzione.it,CLEM. PERONE INFANZIA,Infanzia,VIA NAZARIATZ,,,,,,,,,,,,,,,,,,,,,,,,,,,,,,,,,,,,,,,,,,,,,,,,,,,
CLEMENTINA PERONE - CARLO LEVI (Istituto Comprensivo),baic81900r@pec.istruzione.it,CLEM. PERONE PRIMARIA,Primaria,VIA NAZARIATZ,,,,,,,,,,,,,,,,,,,,,,,,,,,,,,,,,,,,,,,,,,,,,,,,,,,
CLEMENTINA PERONE - CARLO LEVI (Istituto Comprensivo),baic81900r@pec.istruzione.it,COLLODI (Direzione) PRIMARIA,Primaria,via brigata regina,,,,,,,,,,,,,,,,,,,,,,,,,,,,,,,,,,,,,,,,,,,,,,,,,,,
CLEMENTINA PERONE - CARLO LEVI (Istituto Comprensivo),baic81900r@pec.istruzione.it,COLLODI INFANZIA,Infanzia,VIA BRIGATA REGINA,,,,,,,,,,,,,,,,,,,,,,,,,,,,,,,,,,,,,,,,,,,,,,,,,,,
DE AMICIS - LATERZA-M.S.MICHELE (Istituto Comprensivo),baic817005@pec.istruzione.it,GOBETTI,Infanzia,VIA GOBETTI 1,IAIA MARIA,baic817005@istruzione.it,805016690,805016690,2,COMUNE DI BARI,0,0,1,1,0,0,0,4,0,0,0,0,0,0,7,0,1,0,0,0,0,4,5,2,0,2,0,32,32,0,0,4,2,0,37,32,69,37,32,69,11,1,0,0,N2/050140/16
DE AMICIS - LATERZA - M.S.MICHELE (Istituto Comprensivo),BAIC817005@PEC.ISTRUZIONE.IT,DEL PRETE ,Infanzia,VIA LUIGI PINTO 1,IAIA MARIA,baic817005@istruzione.it,805016690,805016690,2,COMUNE DI BARI,0,2,2,1,0,0,0,2,0,0,0,0,0,0,4,0,1,2,0,0,0,2,5,0,0,2,0,36,36,0,0,2,2,0,20,16,36,20,16,36,4,2,0,0,N4-010012-16
DE AMICIS - LATERZA- M.S.MICHELE (Istituto Comprensivo),BAIC817005@PEC.ISTRUZIONE.IT,LATERZA,Secondaria I Grado,VIA ZANARDELLI 16,IAIA MARIA,baic817005@istruzione.it,805016690,805016690,2,COMUNE DI BARI,1,3,0,1,1,0,1,9,1,1,1,1,0,0,20,1,2,0,13,0,0,9,5,9,0,0,0,0,0,60,0,17,8,0,96,100,196,96,100,196,32,3,1,0,N2/050225/16
DE AMICIS - LATERZA- M.S.MICHELE (Istituto Comprensivo),baic817005@pec.istruzione.it,De Amicis,Primaria,VIA RE DAVID 179,IAIA MARIA,baic817005@istruzione.it,805016690,805016690,2,COMUNE DI BARI,0,2,1,0,1,0,1,21,1,1,1,0,0,1,17,2,3,0,0,0,0,9,5,5,0,4,0,75,75,0,1,8,8,0,94,89,183,94,89,183,30,2,1,0,N2/050140/16
MONTE S.MICHELE 26° Circolo (Istituto Comprensivo),baic817005@pec.istruzione.it,PRIMARIA,Primaria,CORSO ALCIDE DE GASPERI 345,IAIA MARIA,baic817005@istruzione.it,805016690,805016690,2,COMUNE DI BARI,1,3,1,3,1,0,1,15,3,1,1,0,0,0,28,1,3,0,1,0,0,15,5,14,0,1,0,18,18,0,1,4,3,0,126,136,262,126,136,262,48,3,1,0,N2-050113-16
DE AMICIS-LATERZA-M.S.MICHELE (Istituto Comprensivo),baic817005@pec.istruzione.it,MONTE S.MICHELE ,Infanzia,VIA DE SAMUELE CAGNAZZI 51,IAIA MARIA,baic817005@istruzione.it,805016690,805016690,2,COMUNE DI BARI,0,0,1,0,0,1,0,6,0,0,0,0,0,0,8,0,3,0,0,0,0,6,5,3,0,3,0,61,61,0,0,0,0,0,65,70,135,65,70,135,11,3,0,0,N2-050113-16
DE AMICIS - LATERZA - M.S.MICHELE(Istituto Comprensivo),BAIC817005@PEC.ISTRUZIONE.IT,MUNGIVACCA ,Primaria,PIAZZALE PUGLIESE 1,IAIA MARIA,baic817005@istruzione.it,805016690,805016690,2,COMUNE DI BARI,1,0,1,1,0,0,0,8,0,0,0,0,0,0,12,1,3,0,0,0,0,4,5,4,0,0,0,0,0,0,2,4,4,0,33,32,65,33,32,65,9,2,1,0,N2/050085/16
I.C. DE AMICIS-LATERZA-M.S.MICHELE,BAIC817005@PEC.ISTRUZIONE.IT,Ospedale Pediatrico GIOVANNI XXIII,Primaria,VIA AMENDOLA,IAIA MARIA,baic817005@istruzione.it,805016690,805016690,2,COMUNE DI BARI,0,0,0,0,0,0,0,1,0,0,0,0,0,0,2,0,0,0,0,0,0,2 pluriclassi,5,2,0,0,0,0,0,0,0,0,0,0,300,299,599,300,299,599,4,0,0,0,non disponibile
DE AMICIS-LATERZA-M.S.MICHELE (Istituto Comprensivo),BAIC817005@PEC.ISTRUZIONE.IT,Ospedale Pediatrico Giovanni 23,Infanzia,VIA AMENDOLA,IAIA MARIA,baic817005@istruzione.it,805016690,8050166690,2,COMUNE DI BARI,0,0,0,0,0,0,0,1,0,0,0,0,0,0,0,0,0,0,0,0,0,1 PLURICLASSE,5,1,0,0,0,0,0,0,0,0,0,0,157,170,327,157,170,327,2,0,0,0,0
C.P.I.A.,bamm29700r@pec.istruzione.it,I.P.M. FORNELLI Primaria,Primaria,Via Giulio Petroni 90,Redavid Laura,bamm29700r@istruzione.it,080 504 1012,5051026,2,Ministero della Giustizia,1,1,0,1,1,0,1,3,0,0,0,1,0,0,1,0,1,0,3,0,0,3,5,5,0,0,0,0,0,0,0,13,3,0,0,33,33,0,17,17,6,0,0,0,0
DE AMICIS-LATERZA-M.S.MICHELE (Istituto Comprensivo),BAIC817005@PEC.ISTRUZIONE.IT,MUNGIVACCA,Infanzia,PIAZZALE PUGLIESE 1,IAIA MARIA,baic817005@istruzione.it,805016690,805016690,2,COMUNE DI BARI,0,1,1,0,0,0,0,2,0,0,0,1,0,0,7,1,1,0,0,0,0,2,5,1,0,1,0,20,20,0,0,0,0,0,13,23,36,13,23,36,4,1,0,0,N2/050085/16
POGGIOFRANCO - T.FIORE (Istituto Comprensivo),baic8ab002@pec.istruzione.it,T.FIORE,Secondaria I Grado,via M. L. King 38,Di Cosola Porziana,baic8ab002@istruzione.it,805614931,5610343,2,Comune di Bari,0,6,0,0,2,1,1,19,0,1,2,1,1,0,16,1,3,2,0,2,0,19,5,5,0,0,0,0,0,0,1,8,8,-1,171,210,381,171,210,381,50,8,1,0,0
POGGIOFRANCO - T.FIORE (Istituto Comprensivo),baic8ab002@pec.istruzione.it,TAURO PRIMARIA,Primaria,via G. Tauro,Di Cosola Porziana,baic8ab002@istruzione.it,805613356,0,2,Comune di Bari,1,2,0,2,1,0,0,23,1,1,2,0,0,0,14,1,1,1,0,1,0,23,4,5,0,0,0,0,0,0,0,12,10,-1,225,241,466,225,241,466,51,5,0,0,0
POGGIOFRANCO - T.FIORE (Istituto Comprensivo),baic8ab002@pec.istruzione.it,KING,Infanzia,via M. L. King 42,Di Cosola Porziana,baic8ab002@istruzione.it,805045038,0,2,Comune di Bari,1,0,0,0,0,0,0,4,0,0,1,0,0,0,7,0,0,0,0,0,0,4,5,5,5,5,5,0,0,0,0,0,0,-1,44,41,85,44,41,85,9,2,0,0,0
DON L.MILANI (Istituto Comprensivo),baic812002@pec.istruzione.it,AZZARITA-DE FILIPPO UNGARETTI SEC. 1°,Secondaria I Grado,via Don Carlo Gnocchi,,,,,,,,,,,,,,,,,,,,,,,,,,,,,,,,,,,,,,,,,,,,,,,,,,,
DON L.MILANI (Istituto Comprensivo),baic812002@pec.istruzione.it,DON L.MILANI (Direzione) INFANZIA,Infanzia,Viale delle Regioni n°62 ,Prof.ssa Zoraide Cappabianca,baic812002@istruzione.it,080 537 1951,0,3,Comune di Bari,0,0,1,1,1,0,0,3,0,1,0,1,0,1,3,1,2,0,0,0,0,3,5,0,0,3,0,52,52,0,0,0,0,0,27,25,52,27,25,52,10,2,0,0,N2050169-16
DON L.MILANI (Istituto Comprensivo),baic812002@pec.istruzione.it,DON L.MILANI (Direzione) PRIMARIA,Primaria,Viale delle Regioni n°62 ,Prof.ssa Zoraide Cappabianca,baic812002@istruzione.it,080 537 1951,0,3,Comune di Bari,0,3,1,3,1,0,0,9,4,1,0,1,1,1,8,1,2,0,0,1,0,9,5,1,0,8,0,118,118,0,9,0,0,0,67,63,130,67,63,130,36,3,0,0,N3001106-13
DON L.MILANI (Istituto Comprensivo),baic812002@pec.istruzione.it,LANAVE INFANZIA,Infanzia,Via Grazia Deledda 2,Prof.ssa Zoraide Cappabianca,baic812002@istruzione.it,080 538 1867,0,3,Comune di Bari,0,0,0,2,0,0,0,4,0,0,0,0,0,1,3,0,0,3,0,0,0,1,5,1,0,0,0,0,0,0,0,0,0,0,10,7,17,10,7,17,3,1,1,0,N2050164-16
DON L.MILANI (Istituto Comprensivo),baic812002@pec.istruzione.it,NUOVO PLESSO DON L.MILANI INFANZIA,Infanzia,VIA TRENTINO 13,Prof.ssa Zoraide Cappabianca,baic812002@istruzione.it,080 538 0556,0,3,Comune di Bari,0,0,0,1,0,0,0,2,0,0,0,0,0,0,3,0,0,0,0,0,0,2,5,2,0,0,0,0,0,0,0,0,0,0,12,14,26,12,14,26,6,1,0,0,N0250360-16
DON L.MILANI (Istituto Comprensivo),baic812002@pec.istruzione.it,VITO DE FANO ex COMPARTO B INFANZIA,Infanzia,Via Don Gnocchi snc,Prof.ssa Zoraide Cappabianca,baic812002@istruzione.it,080 537 9125,0,3,Comune di Bari,0,0,1,2,1,0,1,4,0,1,1,0,1,1,2,0,0,0,0,0,0,4,5,2,0,2,0,41,0,0,4,0,0,0,41,34,75,41,32,73,10,2,1,0,N2050165-16
DON L.MILANI (Istituto Comprensivo),baic812002@pec.istruzione.it,VITO DE FANO ex COMPARTO B PRIMARIA,Primaria,Via Don Gnocchi snc,Prof.ssa Zoraide Cappabianca,baic812002@istruzione.it,080 537 9125,0,3,Comune di Bari,1,3,1,1,1,0,1,13,0,1,1,1,0,0,6,1,2,2,1,0,0,13,5,13,0,0,0,0,0,0,35,0,0,3,100,126,226,100,126,226,30,5,1,0,N2050165-16
E.LOI - G.SANTOMAURO (Istituto Comprensivo),baic84400d@pec.istruzione.it,EL/7 INFANZIA,Infanzia,viale G. BARTOLO N.8,MINOIA ANNA LIA,baic84400d@istruzione.it,805046347,805046347,2,COMUNE DI BARI,1,0,1,0,1,0,1,9,0,1,1,1,0,0,6,1,1,0,0,0,0,9,5,3,0,6,0,130,130,0,0,0,0,0,112,86,198,112,86,198,16,2,1,0,2-01992
E.LOI - G.SANTOMAURO (Istituto Comprensivo),baic84400d@pec.istruzione.it,EL/7 PRIMARIA,Primaria,viale G. BARTOLO N.8,MINOIA ANNA LIA,baic84400d@istruzione.it,805046347,5046347,2,COMUNE DI BARI,1,1,1,0,1,0,1,20,0,1,1,1,0,0,16,1,2,0,0,0,0,18,5,16,0,2,0,44,44,2,5,3,3,0,168,192,360,168,192,360,48,16,1,0,2-01992
E.LOI - G.SANTOMAURO (Istituto Comprensivo),baic84400d@pec.istruzione.it,SMM SANTOMAURO,Secondaria I Grado,viale G. BARTOLO N.8,MINOIA ANNA LIA,baic84400d@istruzione.it,805013617,805013617,2,COMUNE DI BARI,1,3,0,0,1,0,1,19,3,1,2,1,0,0,15,1,2,0,0,0,0,17,5,17,0,0,0,0,0,2,12,2,2,0,164,172,336,164,172,336,53,5,1,0,IM236999/00
ELEONORA DUSE (Istituto Comprensivo),baic816009@pec.istruzione.it,SAN GIOVANNI BOSCO,Primaria,P.ZZA REDENTORE,,,,,,,,,,,,,,,,,,,,,,,,,,,,,,,,,,,,,,,,,,,,,,,,,,,
ELEONORA DUSE (Istituto Comprensivo),baic816009@pec.istruzione.it,SAN GIOVANNI BOSCO,Secondaria I Grado,P.ZZA REDENTORE,,,,,,,,,,,,,,,,,,,,,,,,,,,,,,,,,,,,,,,,,,,,,,,,,,,
ELEONORA DUSE (Istituto Comprensivo),baic816009@pec.istruzione.it,SAN GIOVANNI BOSCO,Infanzia,VIA DON BOSCO,,,,,,,,,,,,,,,,,,,,,,,,,,,,,,,,,,,,,,,,,,,,,,,,,,,
ELEONORA DUSE (Istituto Comprensivo),baic816009@pec.istruzione.it,SUOR AGNESE SALVATI,Infanzia,VIA TREVISANI,,,,,,,,,,,,,,,,,,,,,,,,,,,,,,,,,,,,,,,,,,,,,,,,,,,
ELEONORA DUSE (Istituto Comprensivo),baic816009@pec.istruzione.it,MARCONI,Primaria,VIA SKANDERBERG,,,,,,,,,,,,,,,,,,,,,,,,,,,,,,,,,,,,,,,,,,,,,,,,,,,
ELEONORA DUSE (Istituto Comprensivo),baic816009@pec.istruzione.it,DUSE PRIMARIA,Primaria,VIA SAN GIROLAMO,,,,,,,,,,,,,,,,,,,,,,,,,,,,,,,,,,,,,,,,,,,,,,,,,,,
ELEONORA DUSE (Istituto Comprensivo),baic816009@pec.istruzione.it,E.DUSE (Direzione) INFANZIA,Infanzia,VIA SAN GIROLAMO,MARCHITELLI Gerardo,baic816009@istruzione.it,0808652800 - 0805347,0808652015 fax,3,COMUNE BARI,0,2,1,0,1,1,1,5,3,1,1,1,0,0,3,1,2,0,1,1,2,5,5,5,0,0,0,0,0,0,11,0,0,0,47,34,81,47,34,81,10,2,0,0,/
ELEONORA DUSE (Istituto Comprensivo),baic816009@pec.istruzione.it,E.DUSE (Direzione) SEC. 1°,Secondaria I Grado,VIA SAN GIROLAMO,,,,,,,,,,,,,,,,,,,,,,,,,,,,,,,,,,,,,,,,,,,,,,,,,,,
ELEONORA DUSE (Istituto Comprensivo),baic816009@pec.istruzione.it,E/28 INFANZIA,Infanzia,STRADA SAN GIROLAMO,MARCHITELLI Gerardo,baic816009@istruzione.it,808652852,0808652015 fax sede,3,COMUNE BARI,0,2,1,0,1,0,0,4,0,1,2,0,0,0,7,1,2,0,0,0,0,4,5,4,0,0,0,0,0,0,9,0,0,0,43,40,83,43,40,83,11,1,0,0,/
ELEONORA DUSE (Istituto Comprensivo),baic816009@pec.istruzione.it,SAN GIROLAMO,Primaria,STRADA SAN GIROLAMO,MARCHITELLI Gerardo,baic816009@istruzione.it,808652851,0808652015 fax sede,3,COMUNE BARI,0,2,1,0,1,0,0,13,0,0,1,0,0,0,8,1,1,0,0,0,0,13,5,13,0,0,0,0,0,0,68,6,4,0,128,120,248,128,120,248,41,5,0,0,/
FALCONE BORSELLINO (Istituto Comprensivo),baic80600p@pec.istruzione.it,CHIAIA INFANZIA,Infanzia,VIALE PUGLIA,,,,,,,,,,,,,,,,,,,,,,,,,,,,,,,,,,,,,,,,,,,,,,,,,,,
FALCONE BORSELLINO (Istituto Comprensivo),baic80600p@pec.istruzione.it,CHIAIA PRIMARIA,Primaria,VIA BRINDISI,,,,,,,,,,,,,,,,,,,,,,,,,,,,,,,,,,,,,,,,,,,,,,,,,,,
FALCONE BORSELLINO (Istituto Comprensivo),baic80600p@pec.istruzione.it,CIRIELLI PRIMARIA,Primaria,via Molise,,,,,,,,,,,,,,,,,,,,,,,,,,,,,,,,,,,,,,,,,,,,,,,,,,,
FALCONE BORSELLINO (Istituto Comprensivo),baic80600p@pec.istruzione.it,CIRIELLI SEC.1°,Secondaria I Grado,via Molise,,,,,,,,,,,,,,,,,,,,,,,,,,,,,,,,,,,,,,,,,,,,,,,,,,,
FALCONE BORSELLINO (Istituto Comprensivo),baic80600p@pec.istruzione.it,FALCONE BORSELLINO (Direzione) INFANZIA,Infanzia,via Cassala,,,,,,,,,,,,,,,,,,,,,,,,,,,,,,,,,,,,,,,,,,,,,,,,,,,
FALCONE BORSELLINO (Istituto Comprensivo),baic80600p@pec.istruzione.it,FALCONE BORSELLINO (Direzione) PRIMARIA,Primaria,via Cassala,,,,,,,,,,,,,,,,,,,,,,,,,,,,,,,,,,,,,,,,,,,,,,,,,,,
FALCONE BORSELLINO (Istituto Comprensivo),baic80600p@pec.istruzione.it,FALCONE BORSELLINO (Direzione) SEC. 1°,Secondaria I Grado,via Cassala,,,,,,,,,,,,,,,,,,,,,,,,,,,,,,,,,,,,,,,,,,,,,,,,,,,
FALCONE BORSELLINO (Istituto Comprensivo),baic80600p@pec.istruzione.it,LOPOPOLO INFANZIA,Infanzia,VIAL LAZIO,,,,,,,,,,,,,,,,,,,,,,,,,,,,,,,,,,,,,,,,,,,,,,,,,,,
FALCONE BORSELLINO (Istituto Comprensivo),baic80600p@pec.istruzione.it,PETRIGNANI PRIMARIA,Primaria,PIAZZA ROMITA,,,,,,,,,,,,,,,,,,,,,,,,,,,,,,,,,,,,,,,,,,,,,,,,,,,
FRACCACRETA (Istituto Comprensivo),baic889003@pec.istruzione.it,SEC.1°,Secondaria I Grado,VIA VOLPE,,,,,,,,,,,,,,,,,,,,,,,,,,,,,,,,,,,,,,,,,,,,,,,,,,,
FRACCACRETA (Istituto Comprensivo),baic889003@pec.istruzione.it,MARIA MONTESSORI INFANZIA,Infanzia,VIA RANIERI,,,,,,,,,,,,,,,,,,,,,,,,,,,,,,,,,,,,,,,,,,,,,,,,,,,
FRACCACRETA (Istituto Comprensivo),baic889003@pec.istruzione.it,Primaria,Primaria,VIA VITT. VENETO,,,,,,,,,,,,,,,,,,,,,,,,,,,,,,,,,,,,,,,,,,,,,,,,,,,
FRACCACRETA (Istituto Comprensivo),baic889003@pec.istruzione.it,VIA VENETO,Secondaria I Grado,VIA VITT. VENETO,,,,,,,,,,,,,,,,,,,,,,,,,,,,,,,,,,,,,,,,,,,,,,,,,,,
GARIBALDI (Istituto Comprensivo),BAIC81500D@PEC.ISTRUZIONE.IT,GARIBALDI INFANZIA,Infanzia,p.zza RISORGIMENTO,,,,,,,,,,,,,,,,,,,,,,,,,,,,,,,,,,,,,,,,,,,,,,,,,,,
GARIBALDI (Istituto Comprensivo),BAIC81500D@PEC.ISTRUZIONE.IT,GARIBALDI PRIMARIA,Primaria,p.zza RISORGIMENTO,,,,,,,,,,,,,,,,,,,,,,,,,,,,,,,,,,,,,,,,,,,,,,,,,,,
GARIBALDI (Istituto Comprensivo),BAIC81500D@PEC.ISTRUZIONE.IT,PASCOLI SEC. 1°,Secondaria I Grado,via PIZZOLI 58,SALVEMINI MARIA GEROLAMA,baic81500d@istruzione.it,805214555,0,1,COMUNE,1,1,0,2,1,0,1,9,0,1,0,1,1,0,6,1,1,0,0,0,0,9,5,9,0,0,0,0,0,0,0,40,9,0,60,106,166,60,106,166,36,3,0,0,0
GARIBALDI (Istituto Comprensivo),BAIC81500D@PEC.ISTRUZIONE.IT,PIEMONTE (Direzione) INFANZIA,Infanzia,via E. FIERAMOSCA,,,,,,,,,,,,,,,,,,,,,,,,,,,,,,,,,,,,,,,,,,,,,,,,,,,
GARIBALDI (Istituto Comprensivo),BAIC81500@PECISTRUZIONE.IT,PIEMONTE (Direzione) SEC. 1°,Secondaria I Grado,PIZZOLI 1,SALVEMINI MARIA GEROLAMA,baic81500d@istruzione.it,805214555,0,1,COMUNE,1,1,0,2,1,0,0,0,0,1,1,1,2,0,5,1,1,0,0,0,0,9,5,9,0,0,0,0,0,0,0,54,0,0,62,104,166,62,104,166,36,3,0,0,0
GARIBALDI (Istituto Comprensivo),BAIC81500D@PEC.ISTRUZIONE.IT,PIEMONTE PRIMARIA 5,Primaria,via E. FIERAMOSCA,,,,,,,,,,,,,,,,,,,,,,,,,,,,,,,,,,,,,,,,,,,,,,,,,,,
GARIBALDI (Istituto Comprensivo),BAIC81500D@PEC.ISTRUZIONE.IT,R. MORO INFANZIA,Infanzia,VIA RAVANAS 1,SALVEMINI MARIA GEROLAMA,baic81500d@istruzione.it,805793861,/,1,COMUNE,1,1,1,1,1,1,0,1,0,1,0,1,1,0,2,1,1,0,0,0,0,2,5,0,0,1,0,23,23,0,0,4,1,0,11,12,23,11,12,23,4,2,0,0,0
GARIBALDI (Istituto Comprensivo),BAIC81500D@PEC.ISTRUZIONE.IT,R. MORO PRIMARIA,Primaria,VIA RAVANAS 1,SALVEMINI MARIA GEROLAMA,baic81500d@istruzione.it,805793861,/,1,COMUNE,1,1,1,1,1,0,1,0,0,1,0,1,1,0,2,1,1,0,0,0,0,1,5,0,0,1,0,0,17,0,0,6,1,0,11,6,17,11,6,17,6,2,0,0,0
GIOVANNI PAOLO II - DE MARINIS (Istituto Comprensivo),baic845009@pec.istruzione.it,CARMELA CINIGLIO PRIMARIA,Primaria,VIA VALENZANO,,,,,,,,,,,,,,,,,,,,,,,,,,,,,,,,,,,,,,,,,,,,,,,,,,,
GIOVANNI PAOLO II - DE MARINIS (Istituto Comprensivo),baic845009@pec.istruzione.it,DE MARINIS SEC. 1°,Secondaria I Grado,Via Nicola Colonna,,,,,,,,,,,,,,,,,,,,,,,,,,,,,,,,,,,,,,,,,,,,,,,,,,,
GIOVANNI PAOLO II - DE MARINIS (Istituto Comprensivo),baic845009@pec.istruzione.it,DON MARIO DALESIO (Direzione) PRIMARIA,Primaria,VIA FRANCESCO PEPE,,,,,,,,,,,,,,,,,,,,,,,,,,,,,,,,,,,,,,,,,,,,,,,,,,,
GIOVANNI PAOLO II - DE MARINIS (Istituto Comprensivo),baic845009@pec.istruzione.it,M.TERESA DI CALCUTTA INFANZIA,Infanzia,VIA OSPEDALE DI VENERE,,,,,,,,,,,,,,,,,,,,,,,,,,,,,,,,,,,,,,,,,,,,,,,,,,,
GIOVANNI PAOLO II - DE MARINIS (Istituto Comprensivo),baic845009@pec.istruzione.it,NICHOLAS GREEN INFANZIA,Infanzia,VIA ARDIGO,,,,,,,,,,,,,,,,,,,,,,,,,,,,,,,,,,,,,,,,,,,,,,,,,,,
GRIMALDI - LOMBARDI (Istituto Comprensivo),baic84300n@pec.istruzione.it,BIAGIO GRIMALDI PRIMARIA,Primaria,VIA CACUDI,,,,,,,,,,,,,,,,,,,,,,,,,,,,,,,,,,,,,,,,,,,,,,,,,,,
GRIMALDI - LOMBARDI (Istituto Comprensivo),baic84300n@pec.istruzione.it,BREDA INFANZIA,Infanzia,VIA CACUDI,,,,,,,,,,,,,,,,,,,,,,,,,,,,,,,,,,,,,,,,,,,,,,,,,,,
GRIMALDI - LOMBARDI (Istituto Comprensivo),baic84300n@pec.istruzione.it,LINDGREN EX COMPARTO C,Infanzia,VIA CANDURA,,,,,,,,,,,,,,,,,,,,,,,,,,,,,,,,,,,,,,,,,,,,,,,,,,,
GRIMALDI - LOMBARDI (Istituto Comprensivo),baic84300n@pec.istruzione.it,LOMBARDI (Direzione) SEC. 1°,Secondaria I Grado,VIA LOMBARDIA,,,,,,,,,,,,,,,,,,,,,,,,,,,,,,,,,,,,,,,,,,,,,,,,,,,
GRIMALDI - LOMBARDI (Istituto Comprensivo),baic84300n@pec.istruzione.it,LOMBARDI 1 SEZ. PRIMARIA,Primaria,VIA LOMBARDIA,,,,,,,,,,,,,,,,,,,,,,,,,,,,,,,,,,,,,,,,,,,,,,,,,,,
JAPIGIA 1 - VERGA (Istituto Comprensivo),BAIC88400X@PEC.ISTRUZIONE.IT,DON ORIONE INFANZIA,Infanzia,V.LE JAPIGIA 140 ,ROSSINI PATRIZIA,baic88400x@istruzione.it,805530943,0805524042 080553746,1,comune di BARI,0,0,1,0,0,0,0,5,0,1,0,0,0,1,4,0,0,1,0,0,0,4,5,0,0,40,0,84,84,0,8,1,1,0,45,51,96,45,51,96,11,2,0,0,205008816
JAPIGIA 1 - VERGA (Istituto Comprensivo),BAIC88400X@PEC.ISTRUZIONE.IT,DON ORIONE PRIMARIA,Primaria,V.LE JAPIGIA 140 ,ROSSINI PATRIZIA,baic88400x@istruzione.it,805530943,0805524042 080553746,1,comune di BARI,1,6,1,0,1,0,1,14,0,1,0,1,0,1,15,0,1,0,0,1,1,13,5,1,0,12,0,239,241,0,39,10,8,0,124,134,258,124,134,258,48,4,1,0,205008816
JAPIGIA 1 - VERGA (Istituto Comprensivo),baic88400x@pec.istruzione.it,G.VERGA SEC. 1°,Secondaria I Grado,VIA P.CARABELLESE,,,,,,,,,,,,,,,,,,,,,,,,,,,,,,,,,,,,,,,,,,,,,,,,,,,
JAPIGIA 1 - VERGA (Istituto Comprensivo),BAIC88400X@PEC.ISTRUZIONE.IT,S.FRANCESCO (Direzione) INFANZIA,Infanzia,VIA PEUCETIA ,ROSSINI PATRIZIA,baic88400x@istruzione.it,805530943,805524042,1,comune di BARI,1,0,1,0,1,1,1,4,3,1,2,0,0,0,4,1,0,0,0,1,1,4,5,0,0,40,0,75,75,0,0,0,0,0,39,46,85,39,46,85,9,1,1,0,0
JAPIGIA 1 - VERGA (Istituto Comprensivo),BAIC88400X@PEC.ISTRUZIONE.IT,S.FRANCESCO (Direzione) PRIMARIA,Primaria,VIA PEUCETIA ,ROSSINI PATRIZIA,baic88400x@istruzione.it,805530943,805524042,1,comune di BARI,1,3,1,1,1,1,1,14,3,1,2,0,0,0,25,1,1,0,0,1,1,14,5,14,0,0,0,0,0,0,28,10,9,0,143,178,321,143,178,321,1,5,1,0,0
JAPIGIA 2 TORRE A MARE (Istituto Comprensivo),baic88600g@pec.istruzione.it,AQUARO INFANZIA,Infanzia,VIA MORELLI E SILVATI,,,,,,,,,,,,,,,,,,,,,,,,,,,,,,,,,,,,,,,,,,,,,,,,,,,
JAPIGIA 2 TORRE A MARE (Istituto Comprensivo),baic88600g@pec.istruzione.it,ARDITO INFANZIA,Infanzia,VIA MORELLI E SILVATI,,,,,,,,,,,,,,,,,,,,,,,,,,,,,,,,,,,,,,,,,,,,,,,,,,,
JAPIGIA 2 TORRE A MARE (Istituto Comprensivo),baic88600g@pec.istruzione.it,G. RODARI (Direzione) PRIMARIA,Primaria,VIA ATTILIO CORRUBIA,,,,,,,,,,,,,,,,,,,,,,,,,,,,,,,,,,,,,,,,,,,,,,,,,,,
JAPIGIA 2 TORRE A MARE (Istituto Comprensivo),baic88600g@pec.istruzione.it,LASCITO-RANIERI INFANZIA,Infanzia,VIA CALDAROLA,,,,,,,,,,,,,,,,,,,,,,,,,,,,,,,,,,,,,,,,,,,,,,,,,,,
JAPIGIA 2 TORRE A MARE (Istituto Comprensivo),baic88600g@pec.istruzione.it,LOMBARDO-RADICE INFANZIA,Infanzia,PARALLELA PROLUNGAMENTO ,Serenella Teresa Varrese,baic88600g@istruzione.it,805583982,0,1,COMUNE DI BARI,0,0,1,0,0,0,0,6,0,0,0,0,0,0,6,0,0,0,0,0,0,5,5,25,0,40,0,54,54,0,0,1,1,0,42,40,82,42,40,82,15,2,0,0,M1/050032348/01
JAPIGIA 2 TORRE A MARE (Istituto Comprensivo),baic88600g@pec.istruzione.it,MAMELI PRIMARIA,Primaria,VIA MARTIRI DELLA RESISTENZA,,,,,,,,,,,,,,,,,,,,,,,,,,,,,,,,,,,,,,,,,,,,,,,,,,,
JAPIGIA 2 TORRE A MARE (Istituto Comprensivo),baic88600g@pec.istruzione.it,PADRE PIO INFANZIA,Infanzia,VIA GUGLIELMO APPULO,,,,,,,,,,,,,,,,,,,,,,,,,,,,,,,,,,,,,,,,,,,,,,,,,,,
JAPIGIA 2 TORRE A MARE (Istituto Comprensivo),baic88600g@pec.istruzione.it,R. L. MONTALCINI (Torre a Mare) SEC. 1°,Secondaria I Grado,L.go Leopardi,,,,,,,,,,,,,,,,,,,,,,,,,,,,,,,,,,,,,,,,,,,,,,,,,,,
MASSARI - GALILEI (Istituto Comprensivo),baic818001@pec.istruzione.it,MASSARI (Direzione) SEC. 1°,Secondaria I Grado,VIA PETRERA,,,,,,,,,,,,,,,,,,,,,,,,,,,,,,,,,,,,,,,,,,,,,,,,,,,
MASSARI - GALILEI (Istituto Comprensivo),baic818001@pec.istruzione.it,GALILEI SEC. 1°,Secondaria I Grado,VIA NICOLA DI TULLIO,,,,,,,,,,,,,,,,,,,,,,,,,,,,,,,,,,,,,,,,,,,,,,,,,,,
MASSARI - GALILEI (Istituto Comprensivo),baic818001@pec.istruzione.it,MONTELLO INFANZIA,Infanzia,VIA DE GEMMIS 13,DECATALDO ALBA,baic818001@istruzione.it,805475815,5617222,2,COMUNE DI BARI,0,0,1,0,1,0,1,6,0,0,0,0,0,0,4,1,1,0,0,0,0,6,5,4,0,2,0,35,35,0,0,6,4,0,51,63,114,51,63,114,14,3,0,0,CONTATORE AQP UGUALE STESSO EDIFICIO
MASSARI - GALILEI (Istituto Comprensivo),baic818001@pec.istruzione.it,MONTELLO PRIMARIA,Primaria,VIA DE GEMMIS 13,DECATALDO ALBA,baic818001@istruzione.it,805475815,5617221,2,COMUNE DI BARI,1,1,1,0,1,0,1,12,0,0,1,0,0,0,11,1,3,0,0,1,0,16,5,13,0,0,0,0,0,0,0,20,13,0,92,119,211,92,119,211,44,2,0,0,SCONOSCIUTO
MASSARI - GALILEI (Istituto Comprensivo),baic818001@pec.istruzione.it,PRIMARIA,Primaria,VIALE SALANDRA 18,DECATALDO ALBA,baic818001@istruzione.it,805566662,805566662,2,COMUNE DI BARI,1,2,1,0,1,0,1,0,1,11,1,1,0,0,22,0,2,0,0,0,0,23,5,14,0,9,0,158,158,0,0,23,12,0,185,205,390,185,205,390,55,5,0,0,SCONOSCIUTO
DE AMICIS - LATERZA - M.S.MICHELE (Istituto Comprensivo),BAIC817005@PEC.ISTRUZIONE.IT,CL. PEDIATRICA c/o Policlinico PRIMARIA,Primaria,PIAZA GIULIO CESARE 11,IAIA MARIA,baic817005@istruzione.it,805016690,8050166690,2,COMUNE DI BARI,0,0,0,0,0,0,0,1,0,0,0,0,0,0,0,0,0,0,0,0,0,1,5,1,0,0,0,0,0,0,0,15,1,0,80,79,159,80,79,159,1,0,0,0,0
MASSARI - GALILEI (Istituto Comprensivo),baic818001@pec.istruzione.it,INFANZIA,Infanzia,VIA LEMBO 1/A,DECATALDO ALBA,baic818001@istruzione.it,805566662,805566662,2,COMUNE DI BARI,0,1,1,0,0,0,0,0,0,0,0,0,0,0,9,0,1,0,0,0,0,6,5,3,0,3,0,67,67,0,0,4,3,0,61,54,115,61,54,115,11,3,0,0,SCONOSCIUTO
MICHELANGELO (Istituto Comprensivo),BAIC8AE00D@PEC.ISTRUZIONE.IT,S.S.1.G. 'MICHELANGELO',Secondaria I Grado,VIA GENERALE NICOLA STRAZIOTA,,,,,,,,,,,,,,,,,,,,,,,,,,,,,,,,,,,,,,,,,,,,,,,,,,,
MICHELANGELO (Istituto Comprensivo),BAIC8AE00D@PEC.ISTRUZIONE.IT,CARRANTE,Primaria,VIA CARRANTE,,,,,,,,,,,,,,,,,,,,,,,,,,,,,,,,,,,,,,,,,,,,,,,,,,,
MAZZINI - MODUGNO (Istituto Comprensivo),baic847001@pec.istruzione.it,G.MODUGNO SEC. 1°,Secondaria I Grado,VIA FORNARI,,,,,,,,,,,,,,,,,,,,,,,,,,,,,,,,,,,,,,,,,,,,,,,,,,,
MAZZINI - MODUGNO (Istituto Comprensivo),baic847001@pec.istruzione.it,MAZZINI PRIMARIA,Primaria,VIA SUPPA N. 7,MARIA DENTAMARO,baic847001@istruzione.it,805211367,805211367,1,COMUNE DI BARI,1,2,0,1,1,1,1,28,3,1,1,1,1,0,9,2,4,0,0,1,1,28,5,28,0,0,0,0,0,0,0,63,28,1,254,268,522,254,267,521,60,10,0,0,N3-020024-16 (2016-09)
MAZZINI - MODUGNO (Istituto Comprensivo),baic847001@pec.istruzione.it,PIAZZETTA FRATI CAPPUCCINI INFANZIA,Infanzia,Piazzetta Frati Cappuccini,MARIA DENTAMARO,baic847001@istruzione.it,805211367,805211367,1,COMUNE DI BARI,0,0,2,1,0,1,0,9,0,0,0,0,0,0,4,0,2,0,0,0,0,9,5,4,0,5,0,87,87,0,0,15,9,0,70,74,144,70,74,144,23,5,0,0,N3-020024-16 (2016-09)
UMBERTO 1°-S.NICOLA (Istituto Comprensivo),baic803007@pecistruzione.it,F.CORRIDONI (Direzione) PRIMARIA,Primaria,LARGO SAN SABINO 1,PROF.SSA  ANTONELLA  ACCETTURA  ,baic803007@istruzione.it,080/5214347,5249219,1,COMUNE,1,1,1,0,0,0,1,5,1,1,1,1,1,0,4,0,1,0,0,0,0,5,5,0,0,5,0,74,74,5,0,0,1,0,39,35,74,39,35,74,17,5,1,0,0
UMBERTO 1°-S.NICOLA (Istituto Comprensivo),baic803007@pecistruzione.it,N. PICCINNI PRIMARIA,Primaria,VIA CARDUCCI 10,0,baic803007@istruzione.it,805211803,0,1,COMUNE,0,1,0,0,1,1,0,26,1,0,0,0,0,0,6,0,2,0,1,0,0,26,5,27,0,40,0,23,23,5,0,27,15,0,226,268,494,226,268,494,59,8,0,0,0
UMBERTO 1°-S.NICOLA (Istituto Comprensivo),baic803007@pec.istruzione.it,S. NICOLA,Secondaria I Grado,Largo Urbano II ,,,,,,,,,,,,,,,,,,,,,,,,,,,,,,,,,,,,,,,,,,,,,,,,,,,
ZINGARELLI (Istituto Comprensivo),baic81300t@pec.istruzione.it,ANNA FRANK INFANZIA,Infanzia,Via Niceforo,,,,,,,,,,,,,,,,,,,,,,,,,,,,,,,,,,,,,,,,,,,,,,,,,,,
ZINGARELLI (Istituto Comprensivo),baic81300t@pec.istruzione.it,ANNA FRANK PRIMARIA,Primaria,Via Niceforo,,,,,,,,,,,,,,,,,,,,,,,,,,,,,,,,,,,,,,,,,,,,,,,,,,,
ZINGARELLI (Istituto Comprensivo),baic81300t@pec.istruzione.it,ZINGARELLI (Direzione),Secondaria I Grado,Via Pansini,,,,,,,,,,,,,,,,,,,,,,,,,,,,,,,,,,,,,,,,,,,,,,,,,,,
PALESE - 27° Circolo,baee02700t@pec.istruzione.it,COLLODI,Infanzia,V.LE LEONARDO DEL TURCO,,,,,,,,,,,,,,,,,,,,,,,,,,,,,,,,,,,,,,,,,,,,,,,,,,,
PALESE - 27° Circolo,baee02700t@pec.itruzione.it,D. D'AOSTA,Primaria,VIA DUCA D'AOSTA,,,,,,,,,,,,,,,,,,,,,,,,,,,,,,,,,,,,,,,,,,,,,,,,,,,
PALESE - 27° Circolo,baee02700t@pec.istruzione.it,MARCO POLO,Primaria,V.LE LEONARDO DEL TURCO,PANEBIANCO ANGELO,baee02700t@istruzione.it,805303329,080/8652412,5,COMUNE DI BARI,0,1,0,0,1,0,1,15,0,0,0,0,0,0,6,1,1,0,0,0,0,15,5,27,0,0,0,0,0,0,47,3,2,0,170,151,321,170,151,321,41,5,0,0,0
PALESE - 27° Circolo,baee02700t@pec.istruzione.it,VIA MACCHIE,Infanzia,VIA MACCHIE,,,,,,,,,,,,,,,,,,,,,,,,,,,,,,,,,,,,,,,,,,,,,,,,,,,
RE DAVID - 14° Circolo,baee01400q@pec.istruzione.it,DON TONINO BELLO,Infanzia,VIA ULPIANI,,,,,,,,,,,,,,,,,,,,,,,,,,,,,,,,,,,,,,,,,,,,,,,,,,,
RE DAVID - 14° Circolo,baee01400q@pec.istruzione.it,IQBAL MASIH,Primaria,VIA OMODEO,,,,,,,,,,,,,,,,,,,,,,,,,,,,,,,,,,,,,,,,,,,,,,,,,,,
RE DAVID - 14° Circolo,baee01400q@pec.istruzione.it,M.GANDHI,Primaria,VIA ULPIANI,,,,,,,,,,,,,,,,,,,,,,,,,,,,,,,,,,,,,,,,,,,,,,,,,,,
CIRILLO CONV.NAZ. 30° Circolo,bavc010004@pec.istruzione.it,PRIMARIA,Primaria,VIA DOMENICO CIRILLO 33,ESTER GARGANO,bavc010004@istruzione.it,805421855,805421855,2,Comune di Bari,1,1,1,0,1,1,1,15,1,1,1,1,0,1,2,0,2,0,0,0,0,15,3,15,0,0,0,295,0,0,0,3,3,0,146,168,314,146,168,314,21,9,0,0,8523
CIRILLO CONV.NAZ. 30° Circolo,bavc010004@pec.istruzione.it,CIRILLO,Secondaria I Grado,VIA DOMENICO CIRILLO 33,ESTER GARGANO,bavc010004@istruzione.it,805421855,0,2,Comune di Bari,1,3,1,3,1,1,1,13,1,1,1,1,0,1,2,0,2,0,0,0,0,13,5,13,0,0,0,255,0,0,0,5,2,0,144,155,299,144,155,299,21,8,0,0,8523
AMEDEO D'AOSTA,bamm308002@pec.istruzione.it,AMEDEO D'AOSTA,Secondaria I Grado,VIA OBERDAN,,,,,,,,,,,,,,,,,,,,,,,,,,,,,,,,,,,,,,,,,,,,,,,,,,,
CARDUCCI G.,bamm003008@pec.istruzione.it,CARDUCCI G.,Secondaria I Grado,Via San Francesco d’Assisi,,,,,,,,,,,,,,,,,,,,,,,,,,,,,,,,,,,,,,,,,,,,,,,,,,,
GORJUX R.-TRIDENTE-VIVANTE Ist.Istruzione Sec.Superiore,bais03700e@pec.istruzione.it,VIVANTE,Secondaria II Grado,Piazza Armando Diaz n.10,Prof. Donato FERRARA,bais03700e@istruzione.it,080/5540560,080/5540965,1,Città Metropolitana di Bari,1,8,0,0,1,1,0,20,1,1,2,2,0,0,10,1,4,4,0,0,0,16,5,5,3,5,5,0,0,0,0,22,10,0,146,152,298,146,152,298,55,6,0,3,3M200003663
GORJUX R.-TRIDENTE-VIVANTE Ist.Istruzione Sec.Superiore,bais03700e@pec.istruzione.it,GORJUX R.,Secondaria II Grado,Via Raffaele Bovio n.13,Prof. Donato FERRARA,bais03700e@istruzione.it,080/5461463,080/5461506,2,Città Metropolitana di Bari,1,8,0,0,1,3,1,16,3,1,1,1,1,0,14,1,2,1,1,0,0,16,5,5,0,0,0,0,0,0,0,0,0,0,132,175,307,132,175,307,57,7,0,0,M230071
GORJUX R.-TRIDENTE-VIVANTE Ist.Istruzione Sec.Superiore,bais03700e@pec.istruzione.it,TRIDENTE N.,Secondaria II Grado,Viale Papa Giovanni XXIII n.59,Prof. Donato FERRARA,bais03700e@istruzione.it,080/5574381,080/5521551,2,Città Metropolitana di Bari,0,4,0,1,1,0,1,10,1,1,1,1,0,0,8,2,2,4,0,0,0,10,5,5,0,0,0,0,0,0,0,14,7,0,68,113,181,68,113,181,38,4,1,3,44151
G.CESARE - I.I.S.S.,bais06100b@pec.istruzione.it,PRINCIPALE,Secondaria II Grado,VIALE EINAUDI 66,Prof.ssa Giovanna PIACENTE,bais06100b@istruzione.it,805486027,805486034,2,Città Metropolitana,1,9,0,2,1,0,1,33,4,2,2,1,1,0,21,1,3,3,0,0,0,32,5,5,0,0,0,0,0,0,500,18,14,0,393,299,692,385,290,675,77,10,0,0,0
G.CESARE -I.I.S.S.,bais06100b@pec.istruzione.it,SUCCURSALE,Secondaria II Grado,VIA VITERBO 3,Prof.ssa Giovanna PIACENTE,bais06100b@istruzione.it,809909784,809909791,2,Città Metropolitana,0,1,0,1,1,1,1,11,1,1,0,1,1,0,6,1,2,0,0,0,0,9,5,5,0,0,0,0,0,0,130,4,4,0,76,84,160,76,80,156,35,3,0,0,0
PANETTI - PITAGORA I.T.T.,batf230001@pec.istruzione.it,PITAGORA,Secondaria II Grado,Corso Cavour,,,,,,,,,,,,,,,,,,,,,,,,,,,,,,,,,,,,,,,,,,,,,,,,,,,
PANETTI - PITAGORA I.T.T.,batf230001@pec.istruzione.it,PANETTI,Secondaria II Grado,VIA RE DAVID,,,,,,,,,,,,,,,,,,,,,,,,,,,,,,,,,,,,,,,,,,,,,,,,,,,
PEROTTI A. - I.P.S.S.A.R. Ist.Servizi Albergh.e Ristor.,barh01000n@pec.istruzione.it,CENTRALE,Secondaria II Grado,via Niceforo 8,Castellana Leonardo,barh01000n@istruzione.it,805613581,805613581,2,Citta Metropolitana di bari,0,8,0,1,1,1,1,19,4,1,4,1,1,0,19,2,3,0,0,0,0,19,5,5,0,0,5,0,0,0,10,23,19,0,277,343,620,277,343,620,150,9,0,0,non noto
PEROTTI A. - I.P.S.S.A.R. Ist.Servizi Albergh.e Ristor.,barh01000n@pec.istruzione.it,SUCCURSALE,Secondaria II Grado,v ia C. Ulpiani,,,,,,,,,,,,,,,,,,,,,,,,,,,,,,,,,,,,,,,,,,,,,,,,,,,
MAJORANA E. - I.I.S.S.,BARH11000E@pec.istruzione.it,BARI SAN PAOLO,Secondaria II Grado,VIA S. TRAMONTE,,,,,,,,,,,,,,,,,,,,,,,,,,,,,,,,,,,,,,,,,,,,,,,,,,,
MAJORANA E. - I.I.S.S.,BARH11000E@pec.istruzione.it,SUCCURSALE,Secondaria II Grado,VIA NAZIONALE,,,,,,,,,,,,,,,,,,,,,,,,,,,,,,,,,,,,,,,,,,,,,,,,,,,
E.DI SAVOIA-CALAMANDREI Ist.Istruzione Sec.Superiore,BAIS04900R@PEC.ISTRUZIONE.IT,CALAMANDREI,Secondaria II Grado,VIA SAN GASPARE DEL BUFALO 1,CARLO DE NITTI,bais04900r@istruzione.it,805035674,080/5650437,4,0,1,4,1,1,1,1,1,21,2,1,1,1,1,1,15,1,2,2,0,0,0,21,5,19,1,1,2,0,0,0,30,5,3,22,145,164,309,145,164,309,78,8,0,0,0
E.DI SAVOIA-CALAMANDREI Ist.Istruzione Sec.Superiore,bais04900r@pec.istruzione.it,E. DI SAVOIA Ist. Tecn.Attiv.Sociali,Secondaria II Grado,VIA CALDAROLA,,,,,,,,,,,,,,,,,,,,,,,,,,,,,,,,,,,,,,,,,,,,,,,,,,,
DE NITTIS - PASCALI Ist.Istruzione Sec.Superiore,basl06000t@pec.istruzione.it,PINO PASCALI Liceo Art.co Ist. d'Arte,Secondaria II Grado,Corso Vittorio Veneto 14,Santa Ciriello,basl06000t@istruzione.it,080 5793902,080 5793501,1,Città Metropolitana di Bari,1,16,0,0,0,1,1,23,4,1,2,1,0,0,36,1,5,0,0,0,0,36,6,6,0,0,0,0,0,0,13,24,12,12,581,161,742,557,150,707,139,11,0,0,0
DE NITTIS - PASCALI Ist.Istruzione Sec.Superiore,basl06000t@pec.istruzione.it,DE NITTIS Liceo Art.co,Secondaria II Grado,via Timavo 25,Santa Ciriello,basl06000t@istruzione.it,080 5563617,080 5563632,2,F.F. Immobiliare,1,9,0,0,0,1,0,23,2,1,4,1,0,0,37,1,5,0,0,0,0,23,6,6,0,0,0,0,0,0,9,16,11,8,376,131,507,358,123,481,86,9,0,0,0
IP SANTARELLA - DE LILLA,BARI130007@PEC.ISTRUZIONE.IT,SEDE CENTRALE - VIA DI VAGNO,Secondaria II Grado,VIA DI VAGNO 10,MARIA ANNA MANICONE,bari130007@istruzione.it,805531276,0,2,OPERA LAICA,1,11,0,1,1,1,1,20,4,1,1,1,1,0,8,1,2,0,0,0,0,16,5,13,0,0,3,0,0,0,3,19,8,15,224,76,300,224,76,300,58,6,0,0,NON RILEVABILE
IPSIA SANTARELLA - DE LILLA,BARI130007@PEC.ISTRUZIONE.IT,SEDE SUCCURSALE - VIA CELSO ULPIANI,Secondaria II Grado,VIA CELSO ULPIANI 8,MARIA ANNA MANICONE,bari130007@istruzione.it,805421268,805569417,2,CITTA' METROPOLITANA BARI,1,6,0,1,1,0,0,25,1,1,0,1,1,0,12,0,1,0,0,0,0,25,5,22,0,0,3,0,0,0,11,22,13,15,495,64,559,495,64,559,96,6,0,0,M200081992-07
I.T. EUCLIDE-CARACCIOLO,bath040009@pec.istruzione.it,SECONDO PLESSO ' CARACCIOLO',Secondaria II Grado,VIA CALDAROLA (POLIV.),PROF.SSA DE GIGLIO GIOVANNA,bath040009@istruzione.it,080/5548802,080/5522033,1,CITTA' METROPOLITANA DI BARI,1,9,0,1,0,0,0,17,0,1,1,1,1,0,9,2,3,1,0,0,0,17,5,5,0,0,0,0,0,0,304,6,6,0,48,256,304,48,256,304,52,4,0,0,c/o ISTITUTO 'LENOCI' BARI
I.T. EUCLIDE-CARACCIOLO,bath040009@pec.istruzione.it,'EUCLIDE'  SEDE CENTRALE,Secondaria II Grado,VIA PREZZOLINI,,,,,,,,,,,,,,,,,,,,,,,,,,,,,,,,,,,,,,,,,,,,,,,,,,,
SOCRATE - Liceo Classico,bapc150004@pec.istruzione.it,SOCRATE,Secondaria II Grado,via San Tommaso d'Aquino n. 4 - 70124 Bari,Chiara d'Aloja,bapc150004@istruzione.it,805043941,5043941,2,Città Meropolitana,1,5,0,7,1,1,1,26,3,1,2,1,1,0,35,2,4,0,0,1,0,24,6,6,0,0,0,0,0,0,163,2,20,0,388,170,558,388,170,558,47,9,0,0,0
SOCRATE - Liceo Classico,bapc150004@pec.istruzione.it,SOCRATE (SUCCURSALE),Secondaria II Grado,Via Papa Giovanni XXIII N.55 - 70124  BARI,Chiara d'Aloja,bapc150004@istruzione.it,080 0994662,080 0994662,2,Città Metropolitana di Bari,0,2,0,0,1,0,0,13,0,1,0,1,1,0,16,0,2,2,0,1,0,13,6,6,0,0,0,0,0,0,70,3,3,0,174,70,244,174,70,244,34,5,0,0,0
C.P.I.A.,bamm29700r@pec.istruzione.it,MELO DA BARI,Secondaria I Grado,VIA MAGGIORE TURITTO 13,REDAVID LAURA,bamm29700r@istruzione.it,808644003,0,1,COMUNE DI BARI,0,1,0,2,1,0,0,7,1,0,1,1,0,0,6,1,2,0,0,0,0,23,5,0,0,0,5,0,0,0,0,703,23,0,196,507,703,196,507,703,9,2,0,0,0
C.P.I.A.,bamm29700r@pec.istruzione.it,SAN NICOLA,Secondaria I Grado,LARGO URBANO II,REDAVID LAURA,bamm29700r@istruzione.it,809184970,0,1,COMUNE DI BARI,0,2,0,0,0,0,0,4,1,1,2,1,0,0,3,0,1,0,0,0,0,5,5,0,0,0,5,0,0,0,0,342,12,0,140,202,342,140,202,342,6,2,2,2,0
C.P.I.A.,bamm29700r@pec.istruzione.it,VERGA,Secondaria I Grado,VIA P. CARABELLESE,,,,,,,,,,,,,,,,,,,,,,,,,,,,,,,,,,,,,,,,,,,,,,,,,,,
C.P.I.A.,bamm29700r@pec.istruzione.it,CASA CIRCONDARIALE,Secondaria I Grado,CORSO DE GASPERI 307,REDAVID LAURA,bamm29700r@istruzione.it,805024155,0,2,Ministero della Giustizia,3,1,0,1,0,0,0,6,0,0,1,0,0,0,3,0,0,0,0,0,0,6,5,5,0,0,0,0,0,0,0,23,3,0,0,45,45,0,45,45,7,0,0,0,0
C.P.I.A.,bamm29700r@pec.istruzione.it,MASSARI,Secondaria I Grado,VIA DANIELE PETRERA 80,REDAVID LAURA,bamm29700r@istruzione.it,805617219,0,2,Comune di Bari,0,0,0,0,0,0,0,4,0,0,0,1,0,0,2,0,0,0,0,0,0,7,5,0,0,0,5,0,0,0,0,118,7,0,69,61,130,69,61,130,7,1,0,0,0
C.P.I.A.,bamm29700r@pec.istruzione.it,LOMBARDI,Secondaria I Grado,VIA LOMBARDIA,REDAVID LAURA,bamm29700r@istruzione.it,805371009,5371009,3,Comune  di Bari,0,1,0,0,0,0,0,2,0,0,0,0,0,0,4,0,0,0,0,0,0,13,5,0,0,0,5,0,0,0,0,212,13,0,27,197,224,27,197,224,6,1,0,0,0
CIRILLO CONV.NAZ. 30° Circolo,bavc010004@pec.istruzione.it,CIRILLO,Secondaria II Grado,VIA D. CIRILLO,,,,,,,,,,,,,,,,,,,,,,,,,,,,,,,,,,,,,,,,,,,,,,,,,,,
FERMI - Liceo Scientifico,baps05000a@pec.istruzione.it,FERMI,Secondaria II Grado,Via R. Bovio 19/A,prof.ssa Giovanna GRISETA,baps05000a@istruzione.it,805484304,080 5481680,2,Città Metropolitana,1,7,0,0,1,1,1,60,4,1,6,1,0,0,90,1,2,0,0,1,0,60,5,5,0,0,0,0,0,0,278,16,12,0,753,876,1629,753,876,1629,122,19,1,0,80077357352
FLACCO Q. O. - Liceo Classico,bapc13000v@pec.istruzione.it,LICEO CLASSICO QUINTO ORAZIO FLACCO,Secondaria II Grado,VIA PIZZOLI 58,GIONCADA MARIA ROSARIA CLELIA,bapc13000v@istruzione.it,805211809,805216293,1,COMUNE DI BARI,1,2,0,0,1,1,1,38,2,1,2,1,0,0,11,1,3,0,0,0,0,38,6,6,0,0,0,0,0,0,0,10,8,0,573,289,862,573,289,862,85,12,0,0,00059/99
I.I.S.S. MARCO POLO,bais05900b@pec.istruzione.it,MARCO POLO,Secondaria II Grado,VIALE GIUSEPPE BARTOLO 4/6,Prof.ssa ROSA SCARCIA,bais05900b@istruzione.it,805043936,080 5043408,2,CITTA' METROPOLITANA DI BARI,1,7,0,6,1,1,1,63,6,1,1,1,1,0,48,2,3,0,0,0,0,63,5,7,0,0,0,0,0,0,950,27,18,16,900,587,1487,868,551,1419,154,16,0,0,0
IST. TECNICO ECONOMICO,BATD13000T@PEC.ISTRUZIONE.IT,IST. TECNICO ECONOMICO,Secondaria II Grado,VIA CALDAROLA CENTRO STUDI POLIVALENTE BARI,PROF. GAETANO DABBICCO,batd13000t@istruzione.it,805548738,805548738,1,PROVIMCIA DI BARI,0,9,0,1,1,1,1,36,2,1,1,1,0,0,10,2,2,0,0,1,0,36,5,5,0,0,5,0,0,0,400,18,16,0,370,274,644,370,274,644,94,13,0,0,238200
LICEO DELLE SCIENZE UMANE- LES - LICEO LINGUISTICO,BAPM010001@PEC.ISTRUZIONE.IT,LICEO DELLE SCIENZE UMANE,Secondaria II Grado,Corso Mazzini,,,,,,,,,,,,,,,,,,,,,,,,,,,,,,,,,,,,,,,,,,,,,,,,,,,
MARCONI-Ist.Tecnico Ind.le,bais63003@pec.istruzione.it,MARCONI,Secondaria II Grado,piazza Poerio,,,,,,,,,,,,,,,,,,,,,,,,,,,,,,,,,,,,,,,,,,,,,,,,,,,
SALVEMINI - Liceo Scientifico,baps060001@pec.istruzione.it,SALVEMINI,Secondaria II Grado,VIA PREZZOLINI,GESMUNDO Tina,baps060001@istruzione.it,805548739,805548742,1,AMMINISTRAZIONE PROVINCIALE DI BARI,1,4,0,1,1,1,1,48,5,1,1,1,1,0,35,2,3,0,0,0,0,48,5,5,0,0,0,0,0,0,0,19,17,0,453,581,1034,453,581,1034,91,15,0,0,NUMERO MATRICOLA CONTATORE IN POSSESSO DELL'AMMINISTRAZIONE PROVINCIALE DI BARI
SCACCHI-Liceo Scientifico,baps01000x@pec.istruzione.it,SCACCHI,Secondaria II Grado,Corso Cavour,,,,,,,,,,,,,,,,,,,,,,,,,,,,,,,,,,,,,,,,,,,,,,,,,,,
LENOCI,BATD13000T@PEC.ISTRUZIONE.IT,LENOCI,Secondaria II Grado,VIA CALDAROLA CENTRO STUDI POLIVALENTE BARI,PROF. GAETANO DABBICCO,batd13000t@istruzione.it,805548738,805548738,1,PROVIMCIA DI BARI,0,9,0,1,1,1,1,36,2,1,1,1,0,0,10,2,2,0,0,1,0,36,5,5,0,0,5,0,0,0,400,18,16,0,370,274,644,370,274,644,93,13,0,0,238200
A N 8,peg.comunebari@pec.rupar.puglia.it,AN8,Asilo,Via Pantaleo Carabellese,,,,,,,,,,,,,,,,,,,,,,,,,,,,,,,,,,,,,,,,,,,,,,,,,,,
LE ALI DI MICHELA,lealidimichela@comune.bari.it,asilo nido comunale le ali di michela,Asilo,piazzetta eleonore,dottoressa Roberta Lorusso,lealidimichela@comune.bari.it,805778230,nessun fax,5,comune di bari,0,0,1,1,0,0,0,3,1,0,0,0,0,1,7,0,0,0,0,0,0,3,5,0,7,3,0,49,25,0,0,2,2,1,22,27,49,22,27,49,10,1,0,0,non è possibile recuperare numero
 Nido d'infanzia Speranza,peg.comunebari@pec.rupar.puglia.it,Speranza,Asilo,Parallela di via Peucetia,,,,,,,,,,,,,,,,,,,,,,,,,,,,,,,,,,,,,,,,,,,,,,,,,,,
VILLARI,asilo.nido.villari@comune.bari.it,asilo nido villari,Asilo,via vilalri 15,dottoressa Roberta Lorusso,asilo.nido.villari@comune.bari.it,805772466,nessun fax,1,,,,,,,,,,,,,,,,,,,,,,,,,,,,,,,,,,,,,,,,,,,,,,
PAOLA LABRIOLA,rip.peg@comune.bari.it,ASILO NIDO Paola Labriola,Asilo,Via C. Ulpiani n. 9,Avv. Roberta Lorusso,asilo.nido.paola.labriola@comune.bari.it,080/5778100 - 8101,0,2,Università degli studi di Bari,0,0,1,3,0,0,0,0,1,1,0,0,1,1,5,1,1,0,0,0,0,2,5,5,5,5,0,21,21,0,0,0,0,0,11,10,21,11,10,21,5,1,0,0,0
LA TANA DEL GHIRO,rip.peg@comune.bari.it,ASILO NIDO LA TANA del GHIRO,Asilo,via laetitia abbaticola 2,avv. roberta lorusso,asilo.nido.latanadelghiro@comune.bari.it,805778180,0,2,comune di bari,0,0,0,3,0,0,0,3,1,1,0,0,0,1,11,0,0,0,0,0,0,3,5,5,5,5,0,54,54,1,0,2,2,0,22,32,54,22,32,54,13,3,0,0,0
LIBERTA',peg.comunebari@pec.rupar.puglia.it,ASILO NIDO LIBERTA',Asilo,via Garruba n. 160,Avv. Lorusso Roberta,asilo.nido.liberta@comune.bari.it,080-5772905,0800-5772905,1,Comune di Bari,0,0,0,1,0,0,0,3,1,0,0,0,0,1,3,0,0,0,0,0,0,3,5,7,0,5,0,20,18,0,0,4,3,0,11,9,20,11,9,20,5,1,0,0,N2 - 050241 - 16
COSTA,peg.comunebari@pec.rupar.puglia.it,ASILO NIDO Costa,Asilo,via Nicola Costa 2 - 4,Avv. Lorusso Roberta,asilo.nido.costa@comune.bari.it,080 - 5343318,805772462,3,Comune di Bari,0,0,1,1,0,0,0,4,1,0,0,0,0,1,5,0,0,0,0,0,0,4,5,7,0,5,0,50,42,0,0,0,0,0,17,33,50,17,33,50,11,1,0,0,TLM3L/2
STANIC,asilo.nido.stanic@comune.bari.it,asilo nido stanic,Asilo,via cassala 5,dottoressa Roberta Lorusso,asilo.nido.stanic@comune.bari.it,805778240,nessun fax,3,comune di bari,0,0,1,1,0,0,0,3,1,0,0,1,0,1,6,0,0,0,0,0,0,3,5,0,7,3,0,42,31,0,0,1,1,1,16,26,42,16,26,42,9,2,0,0,2-050220-16
MONTESSORI,rip.peg@comune.bari.it,ASILO NIDO Montessori,Asilo,Via V. Veneto n. 189,Avv. Roberta Lorusso,asilo.nido.montessori@comune.bari.it,080/5772460 - 2461,0,4,Comune di Bari,0,0,4,4,0,0,0,3,1,1,0,1,1,1,5,0,0,0,0,0,0,3,5,5,5,5,0,48,48,0,0,3,2,0,19,29,48,19,29,48,11,1,0,0,0
PRINCIPESSA IOLANDA (Direzione),pec.circoloinfanzia1@comune.bari.it,PRINCIPESSA IOLANDA (Direzione),Infanzia,Via Carducci 23,Roberta Lorusso,scuola.infanzia.principessajolanda@comune.bari.it,805778150,5211615,1,Morolli Daniela,0,0,1,1,0,0,0,5,1,1,0,0,1,0,4,1,1,0,0,0,0,5,5,25,40,40,0,37,40,0,0,7,5,0,43,53,96,41,50,91,11,1,0,0,N2-050268-16
FERRANINI,pec.circoloinfanzia2@comune.bari.it,FERRANINI ,Infanzia,VIA LUIGI FERRANNINI,,,,,,,,,,,,,,,,,,,,,,,,,,,,,,,,,,,,,,,,,,,,,,,,,,,
SPERANZA,Pec.circoloinfanzia2@comune.bari.it,SPERANZA,Infanzia,Strada Parallela di Via Peucetia n.4,Avv. Roberta Lorusso,scuola.infanzia.speranza@comune.bari.it,0805778210-8211,no,1,,,,,,,,,,,,,,,,,,,,,,,,,,,,,,,,,,,,,,,,,,,,,,
IL GLICINE BIANCO,pec.circoloinfanzia2@comune.bari.it,IL GLICINE BIANCO,Infanzia,VIALE LUIGI EINAUDI,,,,,,,,,,,,,,,,,,,,,,,,,,,,,,,,,,,,,,,,,,,,,,,,,,,
V.VENETO,Pec.circoloinfanzia2@comune.bari.it,V.VENETO,Infanzia,C.so Benedetto Croce 130/C,Avv. Roberta Lorusso,scuola.infanzia.vittorioveneto@comune.bari.it,805772475,n.p.,2,,,,,,,,,,,,,,,,,,,,,,,,,,,,,,,,,,,,,,,,,,,,,,
MANZARI BUONVINO (Direzione),pec.circoloinfanzia3@comune.bari.it,MANZARI BUONVINO (Direzione),Infanzia,Via Alessandro Manzoni,,,,,,,,,,,,,,,,,,,,,,,,,,,,,,,,,,,,,,,,,,,,,,,,,,,
SAVERIO LIOCE,pec.circoloinfanzia3@comune.bari.it,S. LIOCE,Infanzia,trav. al n18/G di via Giovanni Modugno,,,,,,,,,,,,,,,,,,,,,,,,,,,,,,,,,,,,,,,,,,,,,,,,,,,
SAN MICHELE,pec.circoloinfanzia3@comune.bari.it,S.MICHELE,Infanzia,Via Colella,,,,,,,,,,,,,,,,,,,,,,,,,,,,,,,,,,,,,,,,,,,,,,,,,,,
LORIS MALAGUZZI,pec.circoloinfanzia3@comune.bari.it,LORIS MALAGUZZI (Ceglie),Infanzia,Via Lamie,Roberta Lorusso,scuola.infanzia.lorismalaguzzi@comune.bari.it,0805778130-31,/,4,Comune di Bari,1,0,1,1,0,0,0,2,1,0,0,0,0,0,3,0,1,1,0,0,0,2,5,1,0,1,0,19,19,0,0,3,2,0,18,18,36,18,18,36,4,1,0,0,N2-050001-16
LOSETO,pec.circoloinfanzia3@comune.bari.it,LOSETO,Infanzia,Via Valenzano,,,,,,,,,,,,,,,,,,,,,,,,,,,,,,,,,,,,,,,,,,,,,,,,,,,
ALBEROTANZA (Primi passi Alberotanza),ist.alberotanza@pec.it,Asilo Nido Primi Passi 'Pietro Alberotanza',Asilo,TRAV.2^ VIA UMBRIA 5,Suor Anna Rizzuto,ist.alberotanza@tiscalinet.it,080-5371048,080-5316064,3,CONGREGAZIONE SUORE MINIME DELLA PASSIONE DI N.S.G.C.,1,2,2,1,1,1,1,2,1,1,1,1,1,1,6,1,1,0,0,0,0,2,6,6,0,0,0,22,0,0,0,0,0,0,10,12,22,10,12,22,3,1,1,0,MADDALENA-MOD 1 CODICE:5178332 CODICE:5178369
ALBEROTANZA (Primi passi Alberotanza),ist.alberotanza@pec.it,Sezione Primavera Pietro Aberotanza,Asilo,TRAV.2^ VIA UMBRIA 5,Suor Anna Rizzuto,ist.alberotanza@tiscalinet.it,080-5371048,080-5316064,3,CONGREGAZIONE SUORE MINIME DELLA PASSIONE DI N.S.G.C.,1,2,2,1,1,1,1,2,1,1,1,1,1,1,6,1,1,0,0,0,0,2,6,6,0,0,0,20,0,0,1,0,0,0,12,8,20,12,8,20,2,1,1,0,MADDALENA-MOD 1 CODICE:5178332 CODICE:5178369
GIROTONDO CLUB,cooperativacrescereinsieme@legalmail.it,Asilo Nido,Asilo,VIA EROI DI DOGALI 2/B,MARTELLA ROBERTA,girotondo.coop@libero.it,809186531,809186531,1,IMPREDIL,0,0,0,1,0,1,0,4,1,1,1,1,1,0,2,0,1,0,0,0,0,3,6,0,0,6,0,27,27,0,0,0,0,0,13,14,27,13,14,27,3,2,0,0,380756
GIROTONDO CLUB,cooperativacrescereinsieme@legalmail.it,Sezione Primavera,Asilo,VIA MARTIRI D'AVOLA,,,,,,,,,,,,,,,,,,,,,,,,,,,,,,,,,,,,,,,,,,,,,,,,,,,
IL GIRASOLE,scuolailgirasole@pec.confcooperative.it,Asilo Nido,Asilo,CORSO ALCIDE DE GASPERI 294,VINCENZO TROMBINO,scuolailgirasole@yahoo.it,080/5491433,080/5491433,2,MAUROGIOVANNI ANNAMARIA,0,0,0,1,0,1,0,3,0,0,0,0,1,1,2,1,3,0,0,0,0,3,5,3,0,0,0,19,0,0,0,0,0,0,10,9,19,10,9,19,4,2,0,0,5599
MIROPIO',miropio@pec.it,Asilo Nido,Asilo,Via Del Quadrifoglio 14,De Mola Rosa,soc.coopmiropio@libero.it,805306116,805306116,5,DISTASIO GAETANO,0,0,1,1,1,1,0,3,1,1,1,0,0,1,4,0,0,0,0,0,0,3,6,6,0,0,0,15,0,0,0,0,0,0,11,4,15,11,4,15,2,1,0,0,QN1
SANTA MARIA DI LEUCA (Istituto Figlie di Santa Maria di Leuca),barismleuca@gmail.com,asilo,Asilo,VIA CAMILLO ROSALBA 42,SUOR ELENA CARIDEO,barismleuca@gmail.com,805613282,805613282,2,ISTITUTO DELLE FIGLIE DI SANTA MARIA DI LEUCA,0,0,1,1,1,0,0,5,1,1,1,0,0,1,4,1,0,0,0,0,0,5,5,30,35,40,0,95,0,0,0,0,0,0,54,64,118,54,60,114,5,1,1,0,613900
DI CAGNO ABBRESCIA,cresciabari@pec.it,Asilo Nido Di Cagno Abbrescia,Asilo,Corso Alcide De Gasperi 320,Zaccaria Laura,scuoladicagnoabbrescia@gmail.com,802022717,802022717,2,Casa della Compagnia di Gesù,0,0,1,1,0,0,0,3,1,0,0,1,0,1,5,0,0,0,0,0,0,3,5,0,0,36,0,29,29,0,0,0,0,0,11,18,29,11,18,29,4,2,0,0,1288
BABY CLUB,spazioinfanzia@pec.it,Asilo Nido Baby Club,Asilo,Via Gaetano Devitofrancesco 2/N20,Losito Felice,babyclub@spazioinfanzia.it,805561750,805561750,2,Sig. Volpicella Benito,0,0,1,1,0,0,0,2,1,0,0,1,1,1,4,0,0,0,0,0,0,2,5,0,0,36,0,24,24,0,0,0,0,0,9,20,29,9,20,29,4,2,0,0,61761
COMETE’ SOC. COOP. SOC.,comete.coop@pec.it,asilo,Asilo,Via Beata Elia di San Clemente,,,,,,,,,,,,,,,,,,,,,,,,,,,,,,,,,,,,,,,,,,,,,,,,,,,
SCUOLA DEI FIORI,scuoladeifiori@pec.confcooperative.it,Asilo Nido Scuola dei fiori Società Cooerativa Sociale,Asilo,Viale Domenico Cotugno 2/4 - 70124 Bari,Maria Chiara de Leonardis,segreteria@scuoladeifiori.it,805618573,0,2,Segen Srl,0,1,1,1,1,0,1,4,1,1,1,1,1,1,3,1,1,0,0,0,0,4 compresa la sezione primavera,6,0,0,4,0,83,83,0,0,0,0,0,38,45,83,38,45,83,13,2,0,0,15595
SIMPATICHE CANAGLIE,simpatichecanaglie.bari@pec.it,Asilo Nido,Asilo,via F. Campione 27,MONTRONE MARTA,simpatichecanaglie.bari@hotmail.it,080/5566210,0,2,EREDI GIORDANI TOBIA,0,0,1,1,0,0,0,2,0,1,0,0,0,1,4,0,0,0,0,0,0,2,5,5,0,0,0,25,0,0,0,0,0,0,16,9,25,16,9,25,4,0,0,0,0000455 CALIBRO 2 05 L
FLY FAMILY c/o Aeroporto di Bari Palese,orlando@pec.confcooperative.it,Asilo Nido,Infanzia,viale enzo ferrari,anna de giorgio,fly@cooporlando.it,805316161,0,5,aereoporti di puglia,0,0,1,1,1,1,0,3,1,1,1,1,1,1,9,1,2,0,0,0,0,3,5,3,1,0,0,65,22,0,0,0,0,0,36,35,71,36,35,71,4,3,0,0,1325
OHANA Asilo Nido,COOPSOCILLABIRINTO@LEGALMAIL.IT,asilo,Asilo,VIA DOMENICO MOREA,,,,,,,,,,,,,,,,,,,,,,,,,,,,,,,,,,,,,,,,,,,,,,,,,,,
OPERA PIA ARCICONFRATERNITA MARIA SS. DEL CARMINE ETS APS,giuseppe.mele3@geopec.it,Polo Infanzia Opera Pia Carmine ,Asilo,Strada Carmine 11,Anaclerio Grazia ,presidenzaoperapiacarmine@gmail.com,3939321744,no,1,Opera Pia Maria SS del Carmine ,1,1,1,1,1,0,1,2,1,1,1,1,1,1,3,2,3,0,0,0,0,2,5,0,0,5,0,40,40,0,0,4,2,0,21,19,40,21,19,40,3,1,0,0,9999
AGRIBIOSCUOLA Villa Dei Cedri,agri-bioscuolavilladeicedri@pec.confcooperative.it,Agribioscuola Villa dei Cedri,Infanzia,Corso Alcide De Gasperi 378,dott.ssa Lucia Sonia Palermo,scuolavilladeicedri@gmail.com,805650737,8043731168,2,Eredi Girone Nicola,1,0,1,1,1,0,0,3,1,1,1,0,0,1,3,1,1,0,0,1,0,3,6,1,5,0,0,50,30,0,0,0,0,0,30,20,50,30,20,50,3,1,0,-1,575065
ALADDIN SOC. COOP. SOCIALE A R.L. CRESCERE INSIEME,CRESCEREINSIEMEBARI@PEC.IT,ALADDIN,Infanzia,VIA CANONICO ANNIBALE MARIA DI FRANCIA,,,,,,,,,,,,,,,,,,,,,,,,,,,,,,,,,,,,,,,,,,,,,,,,,,,
PIETRO ALBEROTANZA SUORE MINIME DELLA PASSIONE,ist.alberotanza@pec.it,Infanzia,Infanzia,TRAV.2^ VIA UMBRIA 5,Suor Anna Rizzuto,segreteria@istitutoalberotanza.it,080-5371048,080-5316064,3,,,,,,,,,,,,,,,,,,,,,,,,,,,,,,,,,,,,,,,,,,,,,,
BABY CLUB - SPAZIO INFANZIA,spazioinfanzia@pec.it,Scuola dell'Infanzia paritaria,Infanzia,Via Gaetano Devitofrancesco 2/N20,Losito Felice,babyclub@spazioinfanzia.it,805561750,805561750,2,Volpicella Benito,0,0,1,1,0,0,0,3,1,0,0,1,0,1,4,0,0,0,0,0,0,2,5,30,0,0,0,33,0,0,0,0,0,0,10,23,33,10,23,33,2,1,0,0,61761
BEATA MARIA DE MATTIAS,istitutoscolasticobeatamariademattias@peconline.it,infanzia,Infanzia,via G. De Marinis,,,,,,,,,,,,,,,,,,,,,,,,,,,,,,,,,,,,,,,,,,,,,,,,,,,
BEATA ELIA DI SAN CLEMENTE,comete.coop@pec.it,infanzia,Infanzia,Via Beata Elia di San Clemente,,,,,,,,,,,,,,,,,,,,,,,,,,,,,,,,,,,,,,,,,,,,,,,,,,,
DI CAGNO ABBRESCIA,cresciabari@pec.it,Scuola dell'Infanzia paritaria Di Cagno Abbrescia,Infanzia,Corso Alcide De Gasperi 320,Zaccaria Laura,scuoladicagnoabbrescia@gmail.com,802022717,802022717,2,Casa della Compagnia di Gesù,0,0,1,1,0,0,0,3,1,0,0,1,0,1,5,0,0,0,0,0,0,2,5,30,0,0,0,34,0,0,0,0,0,0,13,21,34,13,21,34,2,1,0,0,1288
FILIPPO SMALDONE CONGR. S. SALESIANE SACRI CUORI,smaldonebari@pec.it,Scuola dell'Infanzia Paritaria,Infanzia,Strada San Giacomo 2,Rosanna Parata,smaldone@libero.it,805214979,805214979,1,Congregazione Suore Salesiane dei Sacri Cuori,1,3,1,3,1,0,1,5,1,1,1,1,1,1,3,1,3,0,0,0,0,2,5,0,0,2,0,30,30,0,0,0,0,0,19,11,30,19,11,30,2,2,0,0,369609
FLY FAMILY SOC. COOP. SOC. ORLANDO,orlando@pec.confcooperative.it,FLY FAMILY,Asilo,viale enzo ferrari,anna de giorgio,fly@cooporlando.it,805316161,0,5,aereoporti di puglia,0,0,1,1,1,1,0,3,1,1,1,1,1,1,9,1,2,0,0,0,0,4,5,4,1,0,0,79,29,0,0,0,0,0,36,43,79,36,43,79,9,3,0,0,1325
GIARDINO DEI BIMBI SOC COOP SOC,giardinodeibimbi@pec.it,infanzia,Infanzia,Via G. Amendola 197/F,STRUSI COSIMO,giardino.deibimbi@libero.it,080/5484999,5484999,2,DAT ELETTRONICA SRL DI DAPOLI LUIGI,0,1,1,4,1,1,0,4,1,1,0,0,0,1,4,0,0,0,0,0,0,4 (3 infanzia e 1 sez. primavera),5,0,0,5,0,45,45,0,0,0,0,0,23,22,45,23,22,45,4,2,0,0,5032475
GIROTONDO CLUB SOC. COOP. CRESCERE INSIEME ONLUS,cooperativacrescereinsieme@legalmail.it,infanzia,Infanzia,VIA MARTIRI D'AVOLA,,,,,,,,,,,,,,,,,,,,,,,,,,,,,,,,,,,,,,,,,,,,,,,,,,,
HEIDI,scuolaheidibari@pec.confcooperative.it,infanzia,Infanzia,piazza Garibaldi 18,Monica Papadia,monica_papadia@libero.it,805217181,no,1,istituto borea,0,0,1,1,0,0,0,2,1,1,1,0,0,0,4,0,0,0,0,0,0,1,6,1,5,0,0,15,15,0,0,0,0,0,13,6,19,13,6,19,1,1,0,0,contatore istituto borea angeli
IL GIARDINO DELLE RONDINI,operapiacarminebari@pec.it,Istituto Opera Pia Maria SS Del Carmine,Infanzia,Via Carmine,,,,,,,,,,,,,,,,,,,,,,,,,,,,,,,,,,,,,,,,,,,,,,,,,,,
IL GIRASOLE SOC. COOP. SOC.,scuolailgirasole@pec.confcooperative.it,infanzia,Infanzia,CORSO ALCIDE DE GASPERI 294,VINCENZO TROMBINO,scuolailgirasole@yahoo.it,080/5491433,080/5491433,2,MAUROGIOVANNI ANNAMARIA,0,0,1,1,0,1,0,2,0,0,0,0,1,1,2,1,3,0,0,0,0,2,5,2,0,0,0,35,0,0,0,0,0,0,11,24,35,11,24,35,2,2,0,0,5599
ISTITUTO SS.ROSARIO,santissimorosario@pec.it,Infanzia,Infanzia,VIA PUTIGNANI,,,,,,,,,,,,,,,,,,,,,,,,,,,,,,,,,,,,,,,,,,,,,,,,,,,
L’ALBERO AZZURRO SOC. COOP. SOCIALE,coopbimbiin@pec.confcooperative.it,SCUOLA DELL'INFANZIA PARITARIA L'ALBERO AZZURRO,Infanzia,Via Santi Cirillo e Metodio,,,,,,,,,,,,,,,,,,,,,,,,,,,,,,,,,,,,,,,,,,,,,,,,,,,
L'ISOLA CHE NON C'E' SOC. COOP. SOCIALE A R.L. CRESCERE INSIEME,CRESCEREINSIEMEBARI@PEC.IT,infanzia,Infanzia,CORSO DE GASPERI,,,,,,,,,,,,,,,,,,,,,,,,,,,,,,,,,,,,,,,,,,,,,,,,,,,
Madre CLELIA MERLONI,madrecleliabari@pec.it,Istituto MADRE CLELIA MERLONI,Infanzia,VIA MADRE CLELIA MERLONI,,,,,,,,,,,,,,,,,,,,,,,,,,,,,,,,,,,,,,,,,,,,,,,,,,,
ISTITUTO MARGHERITA CONGR. SUORE CAPITANIO E GEROSA,istitutomargherita@pec.it,Infanzia,Infanzia,C.SO B.CROCE,,,,,,,,,,,,,,,,,,,,,,,,,,,,,,,,,,,,,,,,,,,,,,,,,,,
MONSIGNOR SANNA,CONGREG.SUORE@PEC.IT,infanzia,Infanzia,VIALE DELL'ACACIA,,,,,,,,,,,,,,,,,,,,,,,,,,,,,,,,,,,,,,,,,,,,,,,,,,,
NEW SNOOPY SOC. COOP. SOC.,scuolanewsnoopy@pec.confcooperative.it,infanzia,Infanzia,Via M. Garruba 108,Liberio Angela,scuolanewsnoopy@gmail.com,805213395,0,1,,,,,,,,,,,,,,,,,,,,,,,,,,,,,,,,,,,,,,,,,,,,,,
PARCO FIABE – ISTITUTO SAN PASQUALE,istitutosanpasqualesrlis@pec.gruppoeducom.it,infanzia,Infanzia,STRADA SAN PASQUALE,,,,,,,,,,,,,,,,,,,,,,,,,,,,,,,,,,,,,,,,,,,,,,,,,,,
PARCO FIABE – ISTITUTO SICILIANI,istitutosicilianisrlis@pec.gruppoeducom.it,infanzia,Infanzia,VIA TOMMASO SICILIANI,,,,,,,,,,,,,,,,,,,,,,,,,,,,,,,,,,,,,,,,,,,,,,,,,,,
PINUCCIA MODUGNO,epcpep.bari@legalmail.it,infanzia,Infanzia,corso De Tullio,,,,,,,,,,,,,,,,,,,,,,,,,,,,,,,,,,,,,,,,,,,,,,,,,,,
PREZ.MO SANGUE,IstitutoPreziosissimoSangueBari@pec.it,infanzia,Infanzia,VIA SCIPIONE l?AFRICANO 272,Prof.ssa Francesca Palamà,ips-scuola@libero.it,805425745,805426501,2,Adoratrici del Sangue di Cristo,0,1,0,2,2,1,2,2,1,1,1,1,2,0,10,2,4,0,0,0,0,2,6,6,0,0,0,0,0,0,0,1,1,0,16,29,45,16,29,45,5,1,1,0,20
SCUOLA DEI FIORI,scuoladeifiori@pec.confcooperative.it,Scuola dei Fiori Società Cooperativa Sociale,Infanzia,Viale Domenico Cotugno 2/4,Maria Chiara de Leonardis,segreteria@scuoladeifiori.it,805618573,0,2,Segen Srl,0,1,1,1,1,0,1,6,1,1,1,1,1,1,3,1,2,0,0,0,0,6,6,0,0,6,0,138,138,0,0,0,0,0,58,80,138,58,80,138,10,2,0,0,15595
PINOCCHIO,PINOCCHIO145@PEC.IT,infanzia,Infanzia, VIA MALTA,,,,,,,,,,,,,,,,,,,,,,,,,,,,,,,,,,,,,,,,,,,,,,,,,,,
SNUPY,snupy.ba@sicurezzapostale.it,infanzia,Infanzia,VIA VACCARELLA 53,DOTT.SSA ANNACLAUDIA MASTROVITI,scuolamaternasnupy@libero.it,3896864281,5038333,4,fratelli Quaranta,0,0,0,1,0,0,0,3,0,1,0,0,0,0,2,0,1,0,0,0,0,3,5,25,0,0,0,0,0,0,1,0,0,0,21,25,46,21,25,46,3,1,0,0,147871
ALBEROTANZA,ist.alberotanza@pec.it,Scuola Primaria,Primaria,TRAV.2^ VIA UMBRIA 5,Suor Anna Rizzuto,ist.alberotanza@tiscalinet.it,805371048,080-5316064,3,,,,,,,,,,,,,,,,,,,,,,,,,,,,,,,,,,,,,,,,,,,,,,
BEATA MARIA DE MATTIAS,istitutoscolasticobeatamariademattias@peconline.it,primaria,Primaria,via G. De Marinis,,,,,,,,,,,,,,,,,,,,,,,,,,,,,,,,,,,,,,,,,,,,,,,,,,,
CLELIA MERLONI,madrecleliabari@pec.it,MADRE CLELIA MERLONI,Primaria,VIA MADRE CLELIA MERLONI,,,,,,,,,,,,,,,,,,,,,,,,,,,,,,,,,,,,,,,,,,,,,,,,,,,
MARGHERITA,istitutomargherita@pec.it,Primaria,Primaria,C.SO B.CROCE,,,,,,,,,,,,,,,,,,,,,,,,,,,,,,,,,,,,,,,,,,,,,,,,,,,
MONSIGNOR SANNA,brunobriscese@pec.it,Scuola Primaria Paritaria,Primaria,parallela vittorio veneto,,,,,,,,,,,,,,,,,,,,,,,,,,,,,,,,,,,,,,,,,,,,,,,,,,,
PARCO DELLE FIABE,istitutofanellisrl@pec.gruppoeducom.it,Primaria,Primaria,VIA GIUSEPPE FANELLI,,,,,,,,,,,,,,,,,,,,,,,,,,,,,,,,,,,,,,,,,,,,,,,,,,,
PREZ.MO SANGUE,IstitutoPreziosissimoSangueBari@pec.it,primaria,Primaria,VIA SCIPIONE l?AFRICANO 272,Prof.ssa Angelamaria Garofalo,ips-scuola@libero.it,805425745,805426501,2,Adoratrici del Sangue di Cristo,1,3,0,1,2,1,2,10,1,1,1,1,2,0,11,2,4,0,0,0,0,10,6,6,0,0,0,0,0,0,0,3,2,0,83,89,172,83,89,172,16,2,1,0,20
SS.ROSARIO,santissimorosario@pec.it,Primaria,Primaria,VIA PUTIGNANI,,,,,,,,,,,,,,,,,,,,,,,,,,,,,,,,,,,,,,,,,,,,,,,,,,,
MARGHERITA,istitutomargherita@pec.it,MARGHERITA,Secondaria I Grado,C.SO B.CROCE,,,,,,,,,,,,,,,,,,,,,,,,,,,,,,,,,,,,,,,,,,,,,,,,,,,
PREZ.MO SANGUE,IstitutoPreziosissimoSangueBari@pec.it,PREZ.MO SANGUE,Secondaria I Grado,VIA SCIPIONE l?AFRICANO 272,Prof.ssa Francesca Palamà,ips-scuola@libero.it,805425745,8085426501,2,Adoratrici del Sangue di Cristo,1,3,0,1,2,1,2,3,1,1,1,1,2,0,8,2,4,0,0,0,0,3,6,6,0,0,0,0,0,0,0,6,2,0,36,34,70,36,34,70,13,1,1,0,20
SCUOLA MEDIA INTERNAZIONALE,istitutofanellisrl@pec.gruppoeducom.it,SCUOLA MEDIA INTERNAZIONALE,Secondaria I Grado,VIA GIUSEPPE FANELLI,,,,,,,,,,,,,,,,,,,,,,,,,,,,,,,,,,,,,,,,,,,,,,,,,,,
NOBEL,nobelbari@pec.it,NOBEL,Secondaria II Grado,Via dei Bersaglieri 11,Prof. Quintino Verardi,nobelbari@gmail.com,805648865,805011156,1,D'Agostino Antimo,0,0,0,1,0,0,0,6,2,1,0,1,1,0,5,1,1,0,0,0,0,9,5,5,0,0,0,0,0,0,0,0,0,107,23,65,88,23,65,88,20,1,0,0,369449
ISTITUTUI PARITARI ALESSANDRO VOLTA - I.T.E.A.F.M.,avoltacoop@pec.it,ISTITUTUI PARITARI ALESSANDRO VOLTA - I.T.E.A.F.M.,Secondaria II Grado,Via Giustino Fortunato 8/m,Damascelli Domenico,segreteria@avolta.it,805026453,805026453,2,LELLI DONATELLA,1,4,0,2,0,0,0,10,1,1,2,1,1,0,3,0,1,0,0,0,0,6,5,6,0,0,0,0,0,0,0,2,1,0,26,75,101,26,75,101,14,1,0,0,97050430
CITTA DELLA DELLA FORMAZIONE  (c/o Ist. Di Cagno Abbescia),info@pec.unicdf.it,CITTA DELLA DELLA FORMAZIONE  (c/o Ist. Di Cagno Abbescia),Secondaria II Grado,Corso Alcide De Gasperi 320,Fabio Sperduti,liceo@unicdf.it,805236636,805751238,2,Istituto Di Cagno Abbrescia,1,1,0,1,1,1,0,10,1,1,0,1,1,0,3,1,1,0,0,0,0,11,5,5,0,0,0,0,0,0,0,0,0,0,80,191,271,80,182,262,22,1,0,0,1120268473
MICHELANGELO (Istituto Comprensivo),BAIC8AE00D@PEC.ISTRUZIONE.IT,KENNEDY,Infanzia,VIALE KENNEDY,,,,,,,,,,,,,,,,,,,,,,,,,,,,,,,,,,,,,,,,,,,,,,,,,,,
ELEONORA DUSE (Istituto Comprensivo),baic816009@pec.istruzione.it,Marconi,Infanzia,VIA DEL FARO 8/A,MARCHITELLI Gerardo,baic816009@istruzione.it,805344848,805344848,3,COMUNE BARI,1,3,1,0,1,0,0,4,0,0,0,1,0,0,3,1,1,0,0,1,1,4,5,0,0,4,0,87,87,0,23,0,0,0,36,51,87,36,51,87,14,1,0,0,/
IPSIA SANTARELLA - DE LILLA,bari130007@istruzione.it,SEDE SUCCURSALE - VIA G. ROCCA,Secondaria II Grado,Via Rocca,,,,,,,,,,,,,,,,,,,,,,,,,,,,,,,,,,,,,,,,,,,,,,,,,,,
